{"entities":{"37c19c30-073b-4533-8acb-27dcd337e391":{"name":"8 Sandy","tags":[],"enabled":true,"resource_id":"37c19c30-073b-4533-8acb-27dcd337e391","parent":null,"children":["33d9943b-8dfb-44a5-bb0e-4c1be43b7fca","6e761ec5-ca79-4bc7-8111-2f60d47fd748","a071ffd4-c659-40aa-a94f-5ae67b1848f7"],"position":[4.060512214502863,0,0],"rotation":[0,0,0],"scale":[0.01,0.01,0.01],"components":{"script":{"enabled":true,"order":["petController"],"scripts":{"petController":{"enabled":true,"attributes":{"petType":7,"nameEntity":"a071ffd4-c659-40aa-a94f-5ae67b1848f7"}}}},"anim":{"stateGraphAsset":141919849,"animationAssets":{"Base:Idle":{"asset":141986028},"Base:Walk":{"asset":141469296}},"enabled":true,"speed":1,"activate":true,"playing":false,"rootBone":null,"masks":{},"normalizeWeights":false}}},"33d9943b-8dfb-44a5-bb0e-4c1be43b7fca":{"name":"lv1_pet","tags":[],"enabled":true,"resource_id":"33d9943b-8dfb-44a5-bb0e-4c1be43b7fca","parent":"37c19c30-073b-4533-8acb-27dcd337e391","children":[],"position":[1.25731,1.15694,-4.61159],"rotation":[-90,0,0],"scale":[62.9588,62.9588,62.9588],"components":{"render":{"enabled":true,"type":"asset","asset":142117755,"materialAssets":[130463311],"layers":[0],"batchGroupId":null,"castShadows":false,"castShadowsLightmap":false,"receiveShadows":false,"lightmapped":false,"lightmapSizeMultiplier":1,"castShadowsLightMap":true,"lightMapped":false,"lightMapSizeMultiplier":1,"isStatic":false,"rootBone":"6e761ec5-ca79-4bc7-8111-2f60d47fd748"}}},"6e761ec5-ca79-4bc7-8111-2f60d47fd748":{"name":"armt_lv1_pet","tags":[],"enabled":true,"resource_id":"6e761ec5-ca79-4bc7-8111-2f60d47fd748","parent":"37c19c30-073b-4533-8acb-27dcd337e391","children":["3cdb74e3-ea74-4d66-9c0f-539d10a4791a","86413dd0-142e-468f-92a8-00d4fa8ed48b"],"position":[0,0,0],"rotation":[-90,0,0],"scale":[100,100,100],"components":{}},"3cdb74e3-ea74-4d66-9c0f-539d10a4791a":{"name":"Body","tags":[],"enabled":true,"resource_id":"3cdb74e3-ea74-4d66-9c0f-539d10a4791a","parent":"6e761ec5-ca79-4bc7-8111-2f60d47fd748","children":["d488f7e0-4dad-4f6d-a84f-455d81dd5579"],"position":[0,-0.041898,-0.0232766],"rotation":[90,0,0],"scale":[1,1,1],"components":{}},"d488f7e0-4dad-4f6d-a84f-455d81dd5579":{"name":"Body_end","tags":[],"enabled":true,"resource_id":"d488f7e0-4dad-4f6d-a84f-455d81dd5579","parent":"3cdb74e3-ea74-4d66-9c0f-539d10a4791a","children":[],"position":[0,0.417008,0],"rotation":[0,0,0],"scale":[1,1,1],"components":{}},"86413dd0-142e-468f-92a8-00d4fa8ed48b":{"name":"Head","tags":[],"enabled":true,"resource_id":"86413dd0-142e-468f-92a8-00d4fa8ed48b","parent":"6e761ec5-ca79-4bc7-8111-2f60d47fd748","children":["42e96b80-ab9c-4a6d-8e09-92474f6305a2"],"position":[0,-0.0418979,0.404053],"rotation":[90,0,0],"scale":[1,1,1],"components":{}},"42e96b80-ab9c-4a6d-8e09-92474f6305a2":{"name":"Head2","tags":[],"enabled":true,"resource_id":"42e96b80-ab9c-4a6d-8e09-92474f6305a2","parent":"86413dd0-142e-468f-92a8-00d4fa8ed48b","children":["7eb59c5a-435c-4d96-8333-3f18f9ad67b6"],"position":[0,0.410444,2.44911e-9],"rotation":[12.799,0.000013321,0.0000030262],"scale":[1,1,1],"components":{}},"7eb59c5a-435c-4d96-8333-3f18f9ad67b6":{"name":"Head3","tags":[],"enabled":true,"resource_id":"7eb59c5a-435c-4d96-8333-3f18f9ad67b6","parent":"42e96b80-ab9c-4a6d-8e09-92474f6305a2","children":["751650ca-cdaf-4906-b528-9a6cb8687e5f"],"position":[3.55271e-15,0.403475,0],"rotation":[0.0840596,0.000416565,-0.302528],"scale":[1,1,1],"components":{}},"751650ca-cdaf-4906-b528-9a6cb8687e5f":{"name":"Head3_end","tags":[],"enabled":true,"resource_id":"751650ca-cdaf-4906-b528-9a6cb8687e5f","parent":"7eb59c5a-435c-4d96-8333-3f18f9ad67b6","children":[],"position":[0,0.576275,0],"rotation":[0,0,0],"scale":[1,1,1],"components":{}},"a071ffd4-c659-40aa-a94f-5ae67b1848f7":{"name":"name","tags":[],"enabled":true,"resource_id":"a071ffd4-c659-40aa-a94f-5ae67b1848f7","parent":"37c19c30-073b-4533-8acb-27dcd337e391","children":[],"position":[-0.0000057220458984375,244.07391639194452,0],"rotation":[-4.471890957984281e-12,-53.81988365884219,5.524481758314108e-12],"scale":[1,1,1],"components":{"element":{"enabled":true,"type":"text","anchor":[0.5,0.5,0.5,0.5],"pivot":[0.5,0.5],"text":"petname","key":null,"fontAsset":130067484,"fontSize":50,"minFontSize":8,"maxFontSize":32,"autoFitWidth":false,"autoFitHeight":false,"maxLines":null,"lineHeight":46.23,"wrapLines":true,"spacing":1.2,"color":[1,1,1],"opacity":1,"textureAsset":null,"spriteAsset":null,"spriteFrame":0,"pixelsPerUnit":null,"width":242.76,"height":53.3,"margin":[-121.3800057220459,217.42391639194452,-121.3799942779541,-270.7239163919445],"alignment":[0.5,0.5],"outlineColor":[0.16470588235294117,0.13333333333333333,0,1],"outlineThickness":1,"shadowColor":[0,0,0,1],"shadowOffset":[0,0],"rect":[0,0,1,1],"materialAsset":null,"autoWidth":true,"autoHeight":true,"fitMode":"stretch","useInput":false,"batchGroupId":null,"mask":false,"layers":[0],"enableMarkup":false},"script":{"enabled":true,"order":["lookAtcamera"],"scripts":{"lookAtcamera":{"enabled":true,"attributes":{"angle":[180,0,180],"isYLocked":false}}}}}}}}