{"entities":{"21c62e6f-7dba-469b-b9c4-a454e4a3da38":{"name":"17 Sharkie","tags":[],"enabled":true,"resource_id":"21c62e6f-7dba-469b-b9c4-a454e4a3da38","parent":null,"children":["ea2439bc-caa6-47b0-9d3e-38f14aa5afa2","882a2aa4-06ae-412e-a9ce-a5d3df3306d2","1540ec36-7341-4667-b332-cfe3eae56342"],"position":[85.17794140286539,90.10709327862344,-150.97433676800745],"rotation":[0,0,0],"scale":[0.01,0.01,0.01],"components":{"script":{"enabled":true,"order":["petController"],"scripts":{"petController":{"enabled":true,"attributes":{"petType":16,"nameEntity":"1540ec36-7341-4667-b332-cfe3eae56342"}}}},"anim":{"stateGraphAsset":141919849,"animationAssets":{"Base:Idle":{"asset":141986028},"Base:Walk":{"asset":141469296}},"enabled":true,"speed":1,"activate":true,"playing":false,"rootBone":null,"masks":{},"normalizeWeights":false}}},"ea2439bc-caa6-47b0-9d3e-38f14aa5afa2":{"name":"SharkPet","tags":[],"enabled":true,"resource_id":"ea2439bc-caa6-47b0-9d3e-38f14aa5afa2","parent":"21c62e6f-7dba-469b-b9c4-a454e4a3da38","children":[],"position":[0,0,0],"rotation":[-0.0000010911347524526672,0,-0.000006226509305862003],"scale":[1.2926895349881096,1.2926895349881096,1.2926895349881096],"components":{"render":{"enabled":true,"type":"asset","asset":167709220,"materialAssets":[130463311],"layers":[0],"batchGroupId":null,"castShadows":false,"castShadowsLightmap":false,"receiveShadows":false,"lightmapped":false,"lightmapSizeMultiplier":1,"castShadowsLightMap":true,"lightMapped":false,"lightMapSizeMultiplier":1,"isStatic":false,"rootBone":"882a2aa4-06ae-412e-a9ce-a5d3df3306d2"}}},"882a2aa4-06ae-412e-a9ce-a5d3df3306d2":{"name":"armt_petworld7.001","tags":[],"enabled":true,"resource_id":"882a2aa4-06ae-412e-a9ce-a5d3df3306d2","parent":"21c62e6f-7dba-469b-b9c4-a454e4a3da38","children":["07bb503f-2f94-4af5-8a01-ba76047596b7","09e47da5-9010-4471-897e-73c0f3529e6c"],"position":[0,0,0],"rotation":[-89.99999383405465,0,-0.000006226509446141195],"scale":[129.26895349881096,129.26895349881096,129.26895349881096],"components":{}},"07bb503f-2f94-4af5-8a01-ba76047596b7":{"name":"Body.001","tags":[],"enabled":true,"resource_id":"07bb503f-2f94-4af5-8a01-ba76047596b7","parent":"882a2aa4-06ae-412e-a9ce-a5d3df3306d2","children":["9c8002bf-0ebd-4099-a952-f3c7087feaee"],"position":[0,-0.041898,-0.0232766],"rotation":[90,0,0],"scale":[1,1,1],"components":{}},"9c8002bf-0ebd-4099-a952-f3c7087feaee":{"name":"Body_end.001","tags":[],"enabled":true,"resource_id":"9c8002bf-0ebd-4099-a952-f3c7087feaee","parent":"07bb503f-2f94-4af5-8a01-ba76047596b7","children":["f08b8638-c15c-47b6-90a0-8ef7b95f5ad5"],"position":[0,0.417008,9.2864e-9],"rotation":[2.84978e-11,0,0],"scale":[1,1,1],"components":{}},"f08b8638-c15c-47b6-90a0-8ef7b95f5ad5":{"name":"Body_end_end.001","tags":[],"enabled":true,"resource_id":"f08b8638-c15c-47b6-90a0-8ef7b95f5ad5","parent":"9c8002bf-0ebd-4099-a952-f3c7087feaee","children":["c36c2bf5-55da-4fb0-98b4-647d240fc6c7"],"position":[0,0.417008,1.03867e-8],"rotation":[-2.84978e-11,0,0],"scale":[1,1,1],"components":{}},"c36c2bf5-55da-4fb0-98b4-647d240fc6c7":{"name":"Body_end_end_end","tags":[],"enabled":true,"resource_id":"c36c2bf5-55da-4fb0-98b4-647d240fc6c7","parent":"f08b8638-c15c-47b6-90a0-8ef7b95f5ad5","children":[],"position":[0,0.417008,3.119e-10],"rotation":[8.14222e-12,0,0],"scale":[1,1,1],"components":{}},"09e47da5-9010-4471-897e-73c0f3529e6c":{"name":"Head.001","tags":[],"enabled":true,"resource_id":"09e47da5-9010-4471-897e-73c0f3529e6c","parent":"882a2aa4-06ae-412e-a9ce-a5d3df3306d2","children":["c7a507b3-7b33-4f4d-a89d-48462014584e"],"position":[0,-0.0418979,0.404053],"rotation":[90,0,0],"scale":[1,1,1],"components":{}},"c7a507b3-7b33-4f4d-a89d-48462014584e":{"name":"Head2.001","tags":[],"enabled":true,"resource_id":"c7a507b3-7b33-4f4d-a89d-48462014584e","parent":"09e47da5-9010-4471-897e-73c0f3529e6c","children":["d203c194-9ede-4025-8636-fe59c781057a"],"position":[-4.54747e-13,0.410444,5.21354e-9],"rotation":[12.799,0.000013321,0.0000030262],"scale":[1,1,1],"components":{}},"d203c194-9ede-4025-8636-fe59c781057a":{"name":"Head3.001","tags":[],"enabled":true,"resource_id":"d203c194-9ede-4025-8636-fe59c781057a","parent":"c7a507b3-7b33-4f4d-a89d-48462014584e","children":["0f7f4214-dec7-4ea0-a177-7b930348b9c4"],"position":[2.13163e-13,0.403475,-1.49012e-8],"rotation":[0.0840613,0.000416568,-0.302528],"scale":[1,1,1],"components":{}},"0f7f4214-dec7-4ea0-a177-7b930348b9c4":{"name":"Head3_end.001","tags":[],"enabled":true,"resource_id":"0f7f4214-dec7-4ea0-a177-7b930348b9c4","parent":"d203c194-9ede-4025-8636-fe59c781057a","children":["f6e66caf-26fd-480d-b133-07e8a41d53a6"],"position":[5.52973e-10,0.576275,5.8881e-8],"rotation":[0.00000298822,6.83948e-10,-6.41998e-8],"scale":[1,1,1],"components":{}},"f6e66caf-26fd-480d-b133-07e8a41d53a6":{"name":"Head3_end_end.001","tags":[],"enabled":true,"resource_id":"f6e66caf-26fd-480d-b133-07e8a41d53a6","parent":"0f7f4214-dec7-4ea0-a177-7b930348b9c4","children":["31f4b91d-21aa-40eb-ba45-93e63c6d70ef"],"position":[-2.03727e-10,0.576275,-3.12518e-8],"rotation":[4.26852e-7,-3.51825e-9,3.33505e-9],"scale":[1,1,1],"components":{}},"31f4b91d-21aa-40eb-ba45-93e63c6d70ef":{"name":"Head3_end_end_end","tags":[],"enabled":true,"resource_id":"31f4b91d-21aa-40eb-ba45-93e63c6d70ef","parent":"f6e66caf-26fd-480d-b133-07e8a41d53a6","children":[],"position":[-2.91038e-10,0.576275,-4.68767e-8],"rotation":[-0.00000298827,-2.36694e-9,-1.16727e-8],"scale":[1,1,1],"components":{}},"1540ec36-7341-4667-b332-cfe3eae56342":{"name":"name","tags":[],"enabled":true,"resource_id":"1540ec36-7341-4667-b332-cfe3eae56342","parent":"21c62e6f-7dba-469b-b9c4-a454e4a3da38","children":[],"position":[-0.0000057220458984375,244.07391639194452,0],"rotation":[-4.471890957984281e-12,-53.81988365884219,5.524481758314108e-12],"scale":[1,1,1],"components":{"element":{"enabled":true,"type":"text","anchor":[0.5,0.5,0.5,0.5],"pivot":[0.5,0.5],"text":"petname","key":null,"fontAsset":130067484,"fontSize":50,"minFontSize":8,"maxFontSize":32,"autoFitWidth":false,"autoFitHeight":false,"maxLines":null,"lineHeight":46.23,"wrapLines":true,"spacing":1.2,"color":[1,1,1],"opacity":1,"textureAsset":null,"spriteAsset":null,"spriteFrame":0,"pixelsPerUnit":null,"width":242.76,"height":53.3,"margin":[-121.3800057220459,217.42391639194452,-121.3799942779541,-270.7239163919445],"alignment":[0.5,0.5],"outlineColor":[0.16470588235294117,0.13333333333333333,0,1],"outlineThickness":1,"shadowColor":[0,0,0,1],"shadowOffset":[0,0],"rect":[0,0,1,1],"materialAsset":null,"autoWidth":true,"autoHeight":true,"fitMode":"stretch","useInput":false,"batchGroupId":null,"mask":false,"layers":[0],"enableMarkup":false},"script":{"enabled":true,"order":["lookAtcamera"],"scripts":{"lookAtcamera":{"enabled":true,"attributes":{"angle":[180,0,180],"isYLocked":false}}}}}}}}