{"entities":{"b06423d9-093e-4cc7-9fa9-69581257df17":{"name":"15 Nemo","tags":[],"enabled":true,"resource_id":"b06423d9-093e-4cc7-9fa9-69581257df17","parent":null,"children":["5693f900-ce08-4343-96a9-6133415bda8c","bd1dc2ce-59e7-4500-adbd-0f6d2a21a1ec","f0488f0d-ade2-4116-8363-547d7c6c46db"],"position":[81.34178286934295,90.10709327862344,-150.97433676800745],"rotation":[0,0,0],"scale":[0.01,0.01,0.01],"components":{"script":{"enabled":true,"order":["petController"],"scripts":{"petController":{"enabled":true,"attributes":{"petType":15,"nameEntity":"f0488f0d-ade2-4116-8363-547d7c6c46db"}}}},"anim":{"stateGraphAsset":141919849,"animationAssets":{"Base:Idle":{"asset":141986028},"Base:Walk":{"asset":141469296}},"enabled":true,"speed":1,"activate":true,"playing":false,"rootBone":null,"masks":{},"normalizeWeights":false}}},"5693f900-ce08-4343-96a9-6133415bda8c":{"name":"FishPet","tags":[],"enabled":true,"resource_id":"5693f900-ce08-4343-96a9-6133415bda8c","parent":"b06423d9-093e-4cc7-9fa9-69581257df17","children":[],"position":[0,0,0],"rotation":[-90,0,-0.000006226509305862003],"scale":[1.3353399305790208,1.3353399305790208,1.3353399305790208],"components":{"render":{"enabled":true,"type":"asset","asset":167709222,"materialAssets":[130463311],"layers":[0],"batchGroupId":null,"castShadows":false,"castShadowsLightmap":false,"receiveShadows":false,"lightmapped":false,"lightmapSizeMultiplier":1,"castShadowsLightMap":true,"lightMapped":false,"lightMapSizeMultiplier":1,"isStatic":false,"rootBone":"bd1dc2ce-59e7-4500-adbd-0f6d2a21a1ec"}}},"bd1dc2ce-59e7-4500-adbd-0f6d2a21a1ec":{"name":"armt_petworld7.003","tags":[],"enabled":true,"resource_id":"bd1dc2ce-59e7-4500-adbd-0f6d2a21a1ec","parent":"b06423d9-093e-4cc7-9fa9-69581257df17","children":["11620736-c8c5-441e-aea6-8a67364bb8bd","e90bbf90-ff40-42b7-a192-e63eec95130a"],"position":[0,0,0],"rotation":[-90,0,-0.000006226509446141195],"scale":[133.53399305790208,133.53399305790208,133.53399305790208],"components":{}},"11620736-c8c5-441e-aea6-8a67364bb8bd":{"name":"Body.003","tags":[],"enabled":true,"resource_id":"11620736-c8c5-441e-aea6-8a67364bb8bd","parent":"bd1dc2ce-59e7-4500-adbd-0f6d2a21a1ec","children":["728ac04b-fba9-4dd8-9a86-757e0f7a7946"],"position":[0,-0.041898,-0.0232766],"rotation":[90,0,0],"scale":[1,1,1],"components":{}},"728ac04b-fba9-4dd8-9a86-757e0f7a7946":{"name":"Body_end.003","tags":[],"enabled":true,"resource_id":"728ac04b-fba9-4dd8-9a86-757e0f7a7946","parent":"11620736-c8c5-441e-aea6-8a67364bb8bd","children":["b62a1521-1226-4a8f-b4ba-5ca9076f083f"],"position":[0,0.417008,9.2864e-9],"rotation":[2.84978e-11,0,0],"scale":[1,1,1],"components":{}},"b62a1521-1226-4a8f-b4ba-5ca9076f083f":{"name":"Body_end_end.003","tags":[],"enabled":true,"resource_id":"b62a1521-1226-4a8f-b4ba-5ca9076f083f","parent":"728ac04b-fba9-4dd8-9a86-757e0f7a7946","children":["aa22f583-4b49-442b-bea2-4782d111c7eb"],"position":[0,0.417008,1.03867e-8],"rotation":[-2.84978e-11,0,0],"scale":[1,1,1],"components":{}},"aa22f583-4b49-442b-bea2-4782d111c7eb":{"name":"Body_end_end_end.002","tags":[],"enabled":true,"resource_id":"aa22f583-4b49-442b-bea2-4782d111c7eb","parent":"b62a1521-1226-4a8f-b4ba-5ca9076f083f","children":[],"position":[0,0.417008,3.119e-10],"rotation":[8.14222e-12,0,0],"scale":[1,1,1],"components":{}},"e90bbf90-ff40-42b7-a192-e63eec95130a":{"name":"Head.003","tags":[],"enabled":true,"resource_id":"e90bbf90-ff40-42b7-a192-e63eec95130a","parent":"bd1dc2ce-59e7-4500-adbd-0f6d2a21a1ec","children":["173a5d52-7728-4a8b-956c-30df76df0703"],"position":[0,-0.0418979,0.404053],"rotation":[90,0,0],"scale":[1,1,1],"components":{}},"173a5d52-7728-4a8b-956c-30df76df0703":{"name":"Head2.003","tags":[],"enabled":true,"resource_id":"173a5d52-7728-4a8b-956c-30df76df0703","parent":"e90bbf90-ff40-42b7-a192-e63eec95130a","children":["99b354c2-9431-46d7-a28b-a6017192e1e8"],"position":[1.77625e-15,0.410444,5.21354e-9],"rotation":[12.799,0.000013321,0.0000030262],"scale":[1,1,1],"components":{}},"99b354c2-9431-46d7-a28b-a6017192e1e8":{"name":"Head3.003","tags":[],"enabled":true,"resource_id":"99b354c2-9431-46d7-a28b-a6017192e1e8","parent":"173a5d52-7728-4a8b-956c-30df76df0703","children":["6da6ce8a-de39-4a7c-8824-76bfdb1b8dd1"],"position":[8.91731e-13,0.403475,-1.49012e-8],"rotation":[0.084063,0.000416579,-0.302528],"scale":[1,1,1],"components":{}},"6da6ce8a-de39-4a7c-8824-76bfdb1b8dd1":{"name":"Head3_end.003","tags":[],"enabled":true,"resource_id":"6da6ce8a-de39-4a7c-8824-76bfdb1b8dd1","parent":"99b354c2-9431-46d7-a28b-a6017192e1e8","children":["f0bdb0e9-d147-4480-b3de-7794e85a00c1"],"position":[8.73115e-11,0.576275,5.88813e-8],"rotation":[-4.26902e-7,2.85141e-9,-6.67011e-8],"scale":[1,1,1],"components":{}},"f0bdb0e9-d147-4480-b3de-7794e85a00c1":{"name":"Head3_end_end.003","tags":[],"enabled":true,"resource_id":"f0bdb0e9-d147-4480-b3de-7794e85a00c1","parent":"6da6ce8a-de39-4a7c-8824-76bfdb1b8dd1","children":["da9e48ad-fb38-4df3-9a13-69e7033756a6"],"position":[-1.60071e-9,0.576275,2.83557e-8],"rotation":[0.00000128066,3.59479e-10,2.50129e-9],"scale":[1,1,1],"components":{}},"da9e48ad-fb38-4df3-9a13-69e7033756a6":{"name":"Head3_end_end_end.002","tags":[],"enabled":true,"resource_id":"da9e48ad-fb38-4df3-9a13-69e7033756a6","parent":"f0bdb0e9-d147-4480-b3de-7794e85a00c1","children":[],"position":[-9.31323e-10,0.576275,-4.68745e-8],"rotation":[-0.00000298827,1.5112e-9,-1.08389e-8],"scale":[1,1,1],"components":{}},"f0488f0d-ade2-4116-8363-547d7c6c46db":{"name":"name","tags":[],"enabled":true,"resource_id":"f0488f0d-ade2-4116-8363-547d7c6c46db","parent":"b06423d9-093e-4cc7-9fa9-69581257df17","children":[],"position":[-0.0000057220458984375,244.07391639194452,0],"rotation":[-4.471890957984281e-12,-53.81988365884219,5.524481758314108e-12],"scale":[1,1,1],"components":{"element":{"enabled":true,"type":"text","anchor":[0.5,0.5,0.5,0.5],"pivot":[0.5,0.5],"text":"petname","key":null,"fontAsset":130067484,"fontSize":50,"minFontSize":8,"maxFontSize":32,"autoFitWidth":false,"autoFitHeight":false,"maxLines":null,"lineHeight":46.23,"wrapLines":true,"spacing":1.2,"color":[1,1,1],"opacity":1,"textureAsset":null,"spriteAsset":null,"spriteFrame":0,"pixelsPerUnit":null,"width":242.76,"height":53.3,"margin":[-121.3800057220459,217.42391639194452,-121.3799942779541,-270.7239163919445],"alignment":[0.5,0.5],"outlineColor":[0.16470588235294117,0.13333333333333333,0,1],"outlineThickness":1,"shadowColor":[0,0,0,1],"shadowOffset":[0,0],"rect":[0,0,1,1],"materialAsset":null,"autoWidth":true,"autoHeight":true,"fitMode":"stretch","useInput":false,"batchGroupId":null,"mask":false,"layers":[0],"enableMarkup":false},"script":{"enabled":true,"order":["lookAtcamera"],"scripts":{"lookAtcamera":{"enabled":true,"attributes":{"angle":[180,0,180],"isYLocked":false}}}}}}}}