{"entities":{"304ff096-ffbc-47a2-af20-aae3223bed5f":{"name":"Gumbear","tags":[],"enabled":true,"resource_id":"304ff096-ffbc-47a2-af20-aae3223bed5f","parent":null,"children":["51332971-b1a9-4358-8bde-2cac26c7ded9","67ea1ace-4369-457c-946a-85bae205b2e5","59d69209-03d8-4988-a67d-8294e564f4ea"],"position":[-9.417318877528857,-2.7946064472198486,78.15153773861165],"rotation":[0,0,0],"scale":[0.01,0.01,0.01],"components":{"script":{"enabled":true,"order":["petController"],"scripts":{"petController":{"enabled":true,"attributes":{"petType":3,"nameEntity":"59d69209-03d8-4988-a67d-8294e564f4ea"}}}},"anim":{"stateGraphAsset":141919849,"animationAssets":{"Base:Idle":{"asset":141986028},"Base:Walk":{"asset":141469296}},"enabled":true,"speed":1,"activate":true,"playing":false,"rootBone":null,"masks":{},"normalizeWeights":false}}},"51332971-b1a9-4358-8bde-2cac26c7ded9":{"name":"lv1_pet","tags":[],"enabled":true,"resource_id":"51332971-b1a9-4358-8bde-2cac26c7ded9","parent":"304ff096-ffbc-47a2-af20-aae3223bed5f","children":[],"position":[1.25731,1.15694,-4.61159],"rotation":[-90,0,0],"scale":[62.9588,62.9588,62.9588],"components":{"render":{"enabled":true,"type":"asset","asset":142114681,"materialAssets":[130463311],"layers":[0],"batchGroupId":null,"castShadows":false,"castShadowsLightmap":false,"receiveShadows":false,"lightmapped":false,"lightmapSizeMultiplier":1,"castShadowsLightMap":true,"lightMapped":false,"lightMapSizeMultiplier":1,"isStatic":false,"rootBone":"67ea1ace-4369-457c-946a-85bae205b2e5"}}},"67ea1ace-4369-457c-946a-85bae205b2e5":{"name":"armt_lv1_pet","tags":[],"enabled":true,"resource_id":"67ea1ace-4369-457c-946a-85bae205b2e5","parent":"304ff096-ffbc-47a2-af20-aae3223bed5f","children":["a09ab833-7592-44ea-95fe-98822a2ea7f0","7a29755e-cd1f-46e7-ab86-97469b5ff1f6"],"position":[0,0,0],"rotation":[-90,0,0],"scale":[100,100,100],"components":{}},"a09ab833-7592-44ea-95fe-98822a2ea7f0":{"name":"Body","tags":[],"enabled":true,"resource_id":"a09ab833-7592-44ea-95fe-98822a2ea7f0","parent":"67ea1ace-4369-457c-946a-85bae205b2e5","children":["e3f95a51-d884-4c56-b216-74aa1c48ade3"],"position":[0,-0.041898,-0.0232766],"rotation":[90,0,0],"scale":[1,1,1],"components":{}},"e3f95a51-d884-4c56-b216-74aa1c48ade3":{"name":"Body_end","tags":[],"enabled":true,"resource_id":"e3f95a51-d884-4c56-b216-74aa1c48ade3","parent":"a09ab833-7592-44ea-95fe-98822a2ea7f0","children":[],"position":[0,0.417008,0],"rotation":[0,0,0],"scale":[1,1,1],"components":{}},"7a29755e-cd1f-46e7-ab86-97469b5ff1f6":{"name":"Head","tags":[],"enabled":true,"resource_id":"7a29755e-cd1f-46e7-ab86-97469b5ff1f6","parent":"67ea1ace-4369-457c-946a-85bae205b2e5","children":["1b17317e-de1c-4dcc-868d-71e3a63a20f8"],"position":[0,-0.0418979,0.404053],"rotation":[90,0,0],"scale":[1,1,1],"components":{}},"1b17317e-de1c-4dcc-868d-71e3a63a20f8":{"name":"Head2","tags":[],"enabled":true,"resource_id":"1b17317e-de1c-4dcc-868d-71e3a63a20f8","parent":"7a29755e-cd1f-46e7-ab86-97469b5ff1f6","children":["45f09688-98ee-411e-a2dd-ade39e4d5841"],"position":[0,0.410444,2.44911e-9],"rotation":[12.799,0.000013321,0.0000030262],"scale":[1,1,1],"components":{}},"45f09688-98ee-411e-a2dd-ade39e4d5841":{"name":"Head3","tags":[],"enabled":true,"resource_id":"45f09688-98ee-411e-a2dd-ade39e4d5841","parent":"1b17317e-de1c-4dcc-868d-71e3a63a20f8","children":["7c172b37-cbed-4345-be73-7399f98e8fde"],"position":[3.55271e-15,0.403475,0],"rotation":[0.0840596,0.000416565,-0.302528],"scale":[1,1,1],"components":{}},"7c172b37-cbed-4345-be73-7399f98e8fde":{"name":"Head3_end","tags":[],"enabled":true,"resource_id":"7c172b37-cbed-4345-be73-7399f98e8fde","parent":"45f09688-98ee-411e-a2dd-ade39e4d5841","children":[],"position":[0,0.576275,0],"rotation":[0,0,0],"scale":[1,1,1],"components":{}},"59d69209-03d8-4988-a67d-8294e564f4ea":{"name":"name","tags":[],"enabled":true,"resource_id":"59d69209-03d8-4988-a67d-8294e564f4ea","parent":"304ff096-ffbc-47a2-af20-aae3223bed5f","children":[],"position":[-0.0000057220458984375,244.07391639194452,0],"rotation":[-4.471890957984281e-12,-53.81988365884219,5.524481758314108e-12],"scale":[1,1,1],"components":{"element":{"enabled":true,"type":"text","anchor":[0.5,0.5,0.5,0.5],"pivot":[0.5,0.5],"text":"petname","key":null,"fontAsset":130067484,"fontSize":50,"minFontSize":8,"maxFontSize":32,"autoFitWidth":false,"autoFitHeight":false,"maxLines":null,"lineHeight":46.23,"wrapLines":true,"spacing":1.2,"color":[1,1,1],"opacity":1,"textureAsset":null,"spriteAsset":null,"spriteFrame":0,"pixelsPerUnit":null,"width":242.76,"height":53.3,"margin":[-121.38,217.424,-121.38,-270.724],"alignment":[0.5,0.5],"outlineColor":[0.16470588235294117,0.13333333333333333,0,1],"outlineThickness":1,"shadowColor":[0,0,0,1],"shadowOffset":[0,0],"rect":[0,0,1,1],"materialAsset":null,"autoWidth":true,"autoHeight":true,"fitMode":"stretch","useInput":false,"batchGroupId":null,"mask":false,"layers":[0],"enableMarkup":false},"script":{"enabled":true,"order":["lookAtcamera"],"scripts":{"lookAtcamera":{"enabled":true,"attributes":{"angle":[180,0,180],"isYLocked":false}}}}}}}}