{"entities":{"7f9ab413-e4b0-480b-aafc-5f53265ba984":{"name":"12 Leo","tags":[],"enabled":true,"resource_id":"7f9ab413-e4b0-480b-aafc-5f53265ba984","parent":null,"children":["cc0d2720-2c8e-4bd6-929d-f634b708fa1c","f1b90376-fe47-464b-840f-ef782c5282ab","012b88a0-b2f8-41f3-8553-93b0af36fabe","73f5b094-b2c5-46e6-b8c0-ddf37efca8e1"],"position":[9.021800532612902,0,0],"rotation":[0,0,0],"scale":[0.01,0.01,0.01],"components":{"script":{"enabled":true,"order":["petController"],"scripts":{"petController":{"enabled":true,"attributes":{"petType":11,"nameEntity":"012b88a0-b2f8-41f3-8553-93b0af36fabe"}}}},"anim":{"stateGraphAsset":141919849,"animationAssets":{"Base:Idle":{"asset":141986028},"Base:Walk":{"asset":141469296}},"enabled":true,"speed":1,"activate":true,"playing":false,"rootBone":null,"masks":{},"normalizeWeights":false}}},"cc0d2720-2c8e-4bd6-929d-f634b708fa1c":{"name":"lv1_pet","tags":[],"enabled":true,"resource_id":"cc0d2720-2c8e-4bd6-929d-f634b708fa1c","parent":"7f9ab413-e4b0-480b-aafc-5f53265ba984","children":[],"position":[1.25731,1.15694,-4.61159],"rotation":[-90,0,0],"scale":[62.9588,62.9588,62.9588],"components":{"render":{"enabled":true,"type":"asset","asset":142120810,"materialAssets":[130463311],"layers":[0],"batchGroupId":null,"castShadows":false,"castShadowsLightmap":false,"receiveShadows":false,"lightmapped":false,"lightmapSizeMultiplier":1,"castShadowsLightMap":true,"lightMapped":false,"lightMapSizeMultiplier":1,"isStatic":false,"rootBone":"f1b90376-fe47-464b-840f-ef782c5282ab"}}},"f1b90376-fe47-464b-840f-ef782c5282ab":{"name":"armt_lv1_pet","tags":[],"enabled":true,"resource_id":"f1b90376-fe47-464b-840f-ef782c5282ab","parent":"7f9ab413-e4b0-480b-aafc-5f53265ba984","children":["43f7403f-220e-4d06-98d0-bf2e4906fc2e","70049486-743f-4552-afa2-1a30a0be3724"],"position":[0,0,0],"rotation":[-90,0,0],"scale":[100,100,100],"components":{}},"43f7403f-220e-4d06-98d0-bf2e4906fc2e":{"name":"Body","tags":[],"enabled":true,"resource_id":"43f7403f-220e-4d06-98d0-bf2e4906fc2e","parent":"f1b90376-fe47-464b-840f-ef782c5282ab","children":["cdc3ab68-8e6c-4c48-92ac-2dccfeaca8c5"],"position":[0,-0.041898,-0.0232766],"rotation":[90,0,0],"scale":[1,1,1],"components":{}},"cdc3ab68-8e6c-4c48-92ac-2dccfeaca8c5":{"name":"Body_end","tags":[],"enabled":true,"resource_id":"cdc3ab68-8e6c-4c48-92ac-2dccfeaca8c5","parent":"43f7403f-220e-4d06-98d0-bf2e4906fc2e","children":[],"position":[0,0.417008,0],"rotation":[0,0,0],"scale":[1,1,1],"components":{}},"70049486-743f-4552-afa2-1a30a0be3724":{"name":"Head","tags":[],"enabled":true,"resource_id":"70049486-743f-4552-afa2-1a30a0be3724","parent":"f1b90376-fe47-464b-840f-ef782c5282ab","children":["9005ff79-6a20-41de-817a-5572706a8c3a"],"position":[0,-0.0418979,0.404053],"rotation":[90,0,0],"scale":[1,1,1],"components":{}},"9005ff79-6a20-41de-817a-5572706a8c3a":{"name":"Head2","tags":[],"enabled":true,"resource_id":"9005ff79-6a20-41de-817a-5572706a8c3a","parent":"70049486-743f-4552-afa2-1a30a0be3724","children":["5eee5a17-c430-4ff2-966b-36ce4ffb4cbc"],"position":[0,0.410444,2.44911e-9],"rotation":[12.799,0.000013321,0.0000030262],"scale":[1,1,1],"components":{}},"5eee5a17-c430-4ff2-966b-36ce4ffb4cbc":{"name":"Head3","tags":[],"enabled":true,"resource_id":"5eee5a17-c430-4ff2-966b-36ce4ffb4cbc","parent":"9005ff79-6a20-41de-817a-5572706a8c3a","children":["2a25cd30-ae1c-4bc9-973c-67266a88bca6"],"position":[3.55271e-15,0.403475,0],"rotation":[0.0840596,0.000416565,-0.302528],"scale":[1,1,1],"components":{}},"2a25cd30-ae1c-4bc9-973c-67266a88bca6":{"name":"Head3_end","tags":[],"enabled":true,"resource_id":"2a25cd30-ae1c-4bc9-973c-67266a88bca6","parent":"5eee5a17-c430-4ff2-966b-36ce4ffb4cbc","children":[],"position":[0,0.576275,0],"rotation":[0,0,0],"scale":[1,1,1],"components":{}},"012b88a0-b2f8-41f3-8553-93b0af36fabe":{"name":"name","tags":[],"enabled":true,"resource_id":"012b88a0-b2f8-41f3-8553-93b0af36fabe","parent":"7f9ab413-e4b0-480b-aafc-5f53265ba984","children":[],"position":[-0.0000057220458984375,244.07391639194452,0],"rotation":[-4.471890957984281e-12,-53.81988365884219,5.524481758314108e-12],"scale":[1,1,1],"components":{"element":{"enabled":true,"type":"text","anchor":[0.5,0.5,0.5,0.5],"pivot":[0.5,0.5],"text":"petname","key":null,"fontAsset":130067484,"fontSize":50,"minFontSize":8,"maxFontSize":32,"autoFitWidth":false,"autoFitHeight":false,"maxLines":null,"lineHeight":46.23,"wrapLines":true,"spacing":1.2,"color":[1,1,1],"opacity":1,"textureAsset":null,"spriteAsset":null,"spriteFrame":0,"pixelsPerUnit":null,"width":242.76,"height":53.3,"margin":[-121.38,217.424,-121.38,-270.724],"alignment":[0.5,0.5],"outlineColor":[0.16470588235294117,0.13333333333333333,0,1],"outlineThickness":1,"shadowColor":[0,0,0,1],"shadowOffset":[0,0],"rect":[0,0,1,1],"materialAsset":null,"autoWidth":true,"autoHeight":true,"fitMode":"stretch","useInput":false,"batchGroupId":null,"mask":false,"layers":[0],"enableMarkup":false},"script":{"enabled":true,"order":["lookAtcamera"],"scripts":{"lookAtcamera":{"enabled":true,"attributes":{"angle":[180,0,180],"isYLocked":false}}}}}},"73f5b094-b2c5-46e6-b8c0-ddf37efca8e1":{"name":"Trail","tags":[],"enabled":true,"resource_id":"73f5b094-b2c5-46e6-b8c0-ddf37efca8e1","parent":"7f9ab413-e4b0-480b-aafc-5f53265ba984","children":[],"position":[0.0000095367431640625,58.605122566223145,-11.343786349009418],"rotation":[0,0,0],"scale":[1,1,1],"components":{"script":{"enabled":true,"order":["trail"],"scripts":{"trail":{"enabled":true,"attributes":{"color":[1,0.43529411764705883,0.03529411764705882],"radius":0.5,"lifetime":1.2,"trailfadeness":2,"opacityFactor":0.8}}}}}}}}