{"entities":{"d30b0e1f-1b75-4077-90a0-cd5e5c394801":{"name":"Fluffy","tags":[],"enabled":true,"resource_id":"d30b0e1f-1b75-4077-90a0-cd5e5c394801","parent":null,"children":["62e5fb2b-c10c-4b2f-bdfa-63192210d7fd","f3a4845c-73c6-4e5b-984c-d2dc3b02e8fb","eb0dbfe7-bd7f-425b-89f6-705580ddaa27"],"position":[0,0,0],"rotation":[0,0,0],"scale":[0.01,0.01,0.01],"components":{"script":{"enabled":true,"order":["petController"],"scripts":{"petController":{"enabled":true,"attributes":{"petType":6,"nameEntity":"eb0dbfe7-bd7f-425b-89f6-705580ddaa27"}}}},"anim":{"stateGraphAsset":141919849,"animationAssets":{"Base:Idle":{"asset":141986028},"Base:Walk":{"asset":141469296}},"enabled":true,"speed":1,"activate":true,"playing":false,"rootBone":null,"masks":{},"normalizeWeights":false}}},"62e5fb2b-c10c-4b2f-bdfa-63192210d7fd":{"name":"lv1_pet","tags":[],"enabled":true,"resource_id":"62e5fb2b-c10c-4b2f-bdfa-63192210d7fd","parent":"d30b0e1f-1b75-4077-90a0-cd5e5c394801","children":[],"position":[1.25731,1.15694,-4.61159],"rotation":[-90,0,0],"scale":[62.9588,62.9588,62.9588],"components":{"render":{"enabled":true,"type":"asset","asset":142118882,"materialAssets":[130463311],"layers":[0],"batchGroupId":null,"castShadows":false,"castShadowsLightmap":false,"receiveShadows":false,"lightmapped":false,"lightmapSizeMultiplier":1,"castShadowsLightMap":true,"lightMapped":false,"lightMapSizeMultiplier":1,"isStatic":false,"rootBone":"f3a4845c-73c6-4e5b-984c-d2dc3b02e8fb"}}},"f3a4845c-73c6-4e5b-984c-d2dc3b02e8fb":{"name":"armt_lv1_pet","tags":[],"enabled":true,"resource_id":"f3a4845c-73c6-4e5b-984c-d2dc3b02e8fb","parent":"d30b0e1f-1b75-4077-90a0-cd5e5c394801","children":["649577ce-0939-456d-bd24-47f5043971cc","78bf0ead-c08b-4d1b-bd93-bf84b93c4c41"],"position":[0,0,0],"rotation":[-90,0,0],"scale":[100,100,100],"components":{}},"649577ce-0939-456d-bd24-47f5043971cc":{"name":"Body","tags":[],"enabled":true,"resource_id":"649577ce-0939-456d-bd24-47f5043971cc","parent":"f3a4845c-73c6-4e5b-984c-d2dc3b02e8fb","children":["3b1212f2-6647-42a5-ad44-dfa36a3ab89c"],"position":[0,-0.041898,-0.0232766],"rotation":[90,0,0],"scale":[1,1,1],"components":{}},"3b1212f2-6647-42a5-ad44-dfa36a3ab89c":{"name":"Body_end","tags":[],"enabled":true,"resource_id":"3b1212f2-6647-42a5-ad44-dfa36a3ab89c","parent":"649577ce-0939-456d-bd24-47f5043971cc","children":[],"position":[0,0.417008,0],"rotation":[0,0,0],"scale":[1,1,1],"components":{}},"78bf0ead-c08b-4d1b-bd93-bf84b93c4c41":{"name":"Head","tags":[],"enabled":true,"resource_id":"78bf0ead-c08b-4d1b-bd93-bf84b93c4c41","parent":"f3a4845c-73c6-4e5b-984c-d2dc3b02e8fb","children":["987c194b-d474-4146-8d57-0bc75cadaa0c"],"position":[0,-0.0418979,0.404053],"rotation":[90,0,0],"scale":[1,1,1],"components":{}},"987c194b-d474-4146-8d57-0bc75cadaa0c":{"name":"Head2","tags":[],"enabled":true,"resource_id":"987c194b-d474-4146-8d57-0bc75cadaa0c","parent":"78bf0ead-c08b-4d1b-bd93-bf84b93c4c41","children":["bcd1dd21-0994-4bf1-a233-27ab066ef0b4"],"position":[0,0.410444,2.44911e-9],"rotation":[12.799,0.000013321,0.0000030262],"scale":[1,1,1],"components":{}},"bcd1dd21-0994-4bf1-a233-27ab066ef0b4":{"name":"Head3","tags":[],"enabled":true,"resource_id":"bcd1dd21-0994-4bf1-a233-27ab066ef0b4","parent":"987c194b-d474-4146-8d57-0bc75cadaa0c","children":["a983ab1c-d87b-4beb-a4f5-79ed545f59ca"],"position":[3.55271e-15,0.403475,0],"rotation":[0.0840596,0.000416565,-0.302528],"scale":[1,1,1],"components":{}},"a983ab1c-d87b-4beb-a4f5-79ed545f59ca":{"name":"Head3_end","tags":[],"enabled":true,"resource_id":"a983ab1c-d87b-4beb-a4f5-79ed545f59ca","parent":"bcd1dd21-0994-4bf1-a233-27ab066ef0b4","children":[],"position":[0,0.576275,0],"rotation":[0,0,0],"scale":[1,1,1],"components":{}},"eb0dbfe7-bd7f-425b-89f6-705580ddaa27":{"name":"name","tags":[],"enabled":true,"resource_id":"eb0dbfe7-bd7f-425b-89f6-705580ddaa27","parent":"d30b0e1f-1b75-4077-90a0-cd5e5c394801","children":[],"position":[-0.0000057220458984375,244.07391639194452,0],"rotation":[-4.471890957984281e-12,-53.81988365884219,5.524481758314108e-12],"scale":[1,1,1],"components":{"element":{"enabled":true,"type":"text","anchor":[0.5,0.5,0.5,0.5],"pivot":[0.5,0.5],"text":"petname","key":null,"fontAsset":130067484,"fontSize":50,"minFontSize":8,"maxFontSize":32,"autoFitWidth":false,"autoFitHeight":false,"maxLines":null,"lineHeight":46.23,"wrapLines":true,"spacing":1.2,"color":[1,1,1],"opacity":1,"textureAsset":null,"spriteAsset":null,"spriteFrame":0,"pixelsPerUnit":null,"width":242.76,"height":53.3,"margin":[-121.38,217.424,-121.38,-270.724],"alignment":[0.5,0.5],"outlineColor":[0.16470588235294117,0.13333333333333333,0,1],"outlineThickness":1,"shadowColor":[0,0,0,1],"shadowOffset":[0,0],"rect":[0,0,1,1],"materialAsset":null,"autoWidth":true,"autoHeight":true,"fitMode":"stretch","useInput":false,"batchGroupId":null,"mask":false,"layers":[0],"enableMarkup":false},"script":{"enabled":true,"order":["lookAtcamera"],"scripts":{"lookAtcamera":{"enabled":true,"attributes":{"angle":[180,0,180],"isYLocked":false}}}}}}}}