{"entities":{"9af2c042-7310-48bc-ad61-c90d832d80fb":{"name":"18 Octoo","tags":[],"enabled":true,"resource_id":"9af2c042-7310-48bc-ad61-c90d832d80fb","parent":null,"children":["97414490-b5d0-43a1-b70e-2a3d0453648b","cafa2e9b-1a20-455d-9f9c-69bda4812a59","125e350a-7524-49ee-a475-403c182af069","9910d503-4423-4f57-b3e8-9f8d5c17dfe6"],"position":[76.7492363290451,90.10709327862344,-145.9807548687794],"rotation":[0,0,0],"scale":[0.01,0.01,0.01],"components":{"script":{"enabled":true,"order":["petController"],"scripts":{"petController":{"enabled":true,"attributes":{"petType":17,"nameEntity":"125e350a-7524-49ee-a475-403c182af069"}}}},"anim":{"stateGraphAsset":141919849,"animationAssets":{"Base:Idle":{"asset":141986028},"Base:Walk":{"asset":141469296}},"enabled":true,"speed":1,"activate":true,"playing":false,"rootBone":null,"masks":{},"normalizeWeights":false}}},"97414490-b5d0-43a1-b70e-2a3d0453648b":{"name":"OctopusPet","tags":[],"enabled":true,"resource_id":"97414490-b5d0-43a1-b70e-2a3d0453648b","parent":"9af2c042-7310-48bc-ad61-c90d832d80fb","children":[],"position":[7.194171717636216e-14,6.620012213341918e-7,34.76186229949692],"rotation":[-0.0000010911347524526672,0,-0.000006226509305862003],"scale":[1.1344796490642557,1.1344796490642557,1.1344796490642557],"components":{"render":{"enabled":true,"type":"asset","asset":167709221,"materialAssets":[130463311],"layers":[0],"batchGroupId":null,"castShadows":false,"castShadowsLightmap":false,"receiveShadows":false,"lightmapped":false,"lightmapSizeMultiplier":1,"castShadowsLightMap":true,"lightMapped":false,"lightMapSizeMultiplier":1,"isStatic":false,"rootBone":"cafa2e9b-1a20-455d-9f9c-69bda4812a59"}}},"cafa2e9b-1a20-455d-9f9c-69bda4812a59":{"name":"armt_petworld7.002","tags":[],"enabled":true,"resource_id":"cafa2e9b-1a20-455d-9f9c-69bda4812a59","parent":"9af2c042-7310-48bc-ad61-c90d832d80fb","children":["2bdae1da-709b-4cae-b977-d73e8dff8a73","989a5857-aa9a-4b3e-b046-aec18556e63b"],"position":[0.0000037776790160234158,34.76186229949652,0.000003740934240509202],"rotation":[-89.99999383405465,0,-0.000006226509446141195],"scale":[113.44796490642557,113.44796490642557,113.44796490642557],"components":{}},"2bdae1da-709b-4cae-b977-d73e8dff8a73":{"name":"Body.002","tags":[],"enabled":true,"resource_id":"2bdae1da-709b-4cae-b977-d73e8dff8a73","parent":"cafa2e9b-1a20-455d-9f9c-69bda4812a59","children":["550d741c-9fb3-4301-b6ea-57db4bcdb9f7"],"position":[0,-0.041898,-0.0232766],"rotation":[90,0,0],"scale":[1,1,1],"components":{}},"550d741c-9fb3-4301-b6ea-57db4bcdb9f7":{"name":"Body_end.002","tags":[],"enabled":true,"resource_id":"550d741c-9fb3-4301-b6ea-57db4bcdb9f7","parent":"2bdae1da-709b-4cae-b977-d73e8dff8a73","children":["703d4c91-17a3-4d00-bf26-140d02b38c05"],"position":[0,0.417008,9.2864e-9],"rotation":[2.84978e-11,0,0],"scale":[1,1,1],"components":{}},"703d4c91-17a3-4d00-bf26-140d02b38c05":{"name":"Body_end_end.002","tags":[],"enabled":true,"resource_id":"703d4c91-17a3-4d00-bf26-140d02b38c05","parent":"550d741c-9fb3-4301-b6ea-57db4bcdb9f7","children":["6b04688b-0d0d-4ca4-96b6-283696aa583f"],"position":[0,0.417008,1.03867e-8],"rotation":[-2.84978e-11,0,0],"scale":[1,1,1],"components":{}},"6b04688b-0d0d-4ca4-96b6-283696aa583f":{"name":"Body_end_end_end.001","tags":[],"enabled":true,"resource_id":"6b04688b-0d0d-4ca4-96b6-283696aa583f","parent":"703d4c91-17a3-4d00-bf26-140d02b38c05","children":[],"position":[0,0.417008,3.119e-10],"rotation":[8.14222e-12,0,0],"scale":[1,1,1],"components":{}},"989a5857-aa9a-4b3e-b046-aec18556e63b":{"name":"Head.002","tags":[],"enabled":true,"resource_id":"989a5857-aa9a-4b3e-b046-aec18556e63b","parent":"cafa2e9b-1a20-455d-9f9c-69bda4812a59","children":["0a08e9ee-e553-4f44-a18c-2b4b9844cb61"],"position":[0,-0.0418979,0.404053],"rotation":[90,0,0],"scale":[1,1,1],"components":{}},"0a08e9ee-e553-4f44-a18c-2b4b9844cb61":{"name":"Head2.002","tags":[],"enabled":true,"resource_id":"0a08e9ee-e553-4f44-a18c-2b4b9844cb61","parent":"989a5857-aa9a-4b3e-b046-aec18556e63b","children":["4852b9da-2543-4c69-ab28-766efda42874"],"position":[-4.54747e-13,0.410444,5.21354e-9],"rotation":[12.799,0.000013321,0.0000030262],"scale":[1,1,1],"components":{}},"4852b9da-2543-4c69-ab28-766efda42874":{"name":"Head3.002","tags":[],"enabled":true,"resource_id":"4852b9da-2543-4c69-ab28-766efda42874","parent":"0a08e9ee-e553-4f44-a18c-2b4b9844cb61","children":["9a31f4e8-f8fd-4582-a2da-c5e605aeefc5"],"position":[4.33431e-13,0.403475,1.49012e-8],"rotation":[0.0840647,0.000416587,-0.302528],"scale":[1,1,1],"components":{}},"9a31f4e8-f8fd-4582-a2da-c5e605aeefc5":{"name":"Head3_end.002","tags":[],"enabled":true,"resource_id":"9a31f4e8-f8fd-4582-a2da-c5e605aeefc5","parent":"4852b9da-2543-4c69-ab28-766efda42874","children":["191915ca-51be-4571-b1b9-e919a66a41c2"],"position":[9.60426e-10,0.576275,4.39802e-8],"rotation":[-4.26901e-7,-5.68734e-10,-6.67011e-8],"scale":[1,1,1],"components":{}},"191915ca-51be-4571-b1b9-e919a66a41c2":{"name":"Head3_end_end.002","tags":[],"enabled":true,"resource_id":"191915ca-51be-4571-b1b9-e919a66a41c2","parent":"9a31f4e8-f8fd-4582-a2da-c5e605aeefc5","children":["4bf63281-57d3-452b-a6df-414deb5b0620"],"position":[1.74623e-10,0.576275,1.34545e-8],"rotation":[-4.26912e-7,-1.81734e-9,-1.16727e-8],"scale":[1,1,1],"components":{}},"4bf63281-57d3-452b-a6df-414deb5b0620":{"name":"Head3_end_end_end.001","tags":[],"enabled":true,"resource_id":"4bf63281-57d3-452b-a6df-414deb5b0620","parent":"191915ca-51be-4571-b1b9-e919a66a41c2","children":[],"position":[-4.65661e-10,0.576275,-9.1577e-8],"rotation":[-0.00000298827,2.66943e-9,-1.16727e-8],"scale":[1,1,1],"components":{}},"125e350a-7524-49ee-a475-403c182af069":{"name":"name","tags":[],"enabled":true,"resource_id":"125e350a-7524-49ee-a475-403c182af069","parent":"9af2c042-7310-48bc-ad61-c90d832d80fb","children":[],"position":[-0.0000057220458984375,244.07391639194452,0],"rotation":[-4.471890957984281e-12,-53.81988365884219,5.524481758314108e-12],"scale":[1,1,1],"components":{"element":{"enabled":true,"type":"text","anchor":[0.5,0.5,0.5,0.5],"pivot":[0.5,0.5],"text":"petname","key":null,"fontAsset":130067484,"fontSize":50,"minFontSize":8,"maxFontSize":32,"autoFitWidth":false,"autoFitHeight":false,"maxLines":null,"lineHeight":46.23,"wrapLines":true,"spacing":1.2,"color":[1,1,1],"opacity":1,"textureAsset":null,"spriteAsset":null,"spriteFrame":0,"pixelsPerUnit":null,"width":242.76,"height":53.3,"margin":[-121.38,217.424,-121.38,-270.724],"alignment":[0.5,0.5],"outlineColor":[0.16470588235294117,0.13333333333333333,0,1],"outlineThickness":1,"shadowColor":[0,0,0,1],"shadowOffset":[0,0],"rect":[0,0,1,1],"materialAsset":null,"autoWidth":true,"autoHeight":true,"fitMode":"stretch","useInput":false,"batchGroupId":null,"mask":false,"layers":[0],"enableMarkup":false},"script":{"enabled":true,"order":["lookAtcamera"],"scripts":{"lookAtcamera":{"enabled":true,"attributes":{"angle":[180,0,180],"isYLocked":false}}}}}},"9910d503-4423-4f57-b3e8-9f8d5c17dfe6":{"name":"Trail","tags":[],"enabled":true,"resource_id":"9910d503-4423-4f57-b3e8-9f8d5c17dfe6","parent":"9af2c042-7310-48bc-ad61-c90d832d80fb","children":[],"position":[0.0000095367431640625,58.605122566223145,-11.343786349009418],"rotation":[0,0,0],"scale":[1,1,1],"components":{"script":{"enabled":true,"order":["trail"],"scripts":{"trail":{"enabled":true,"attributes":{"color":[0.41568627450980394,0,1],"radius":0.5,"lifetime":1.2,"trailfadeness":2,"opacityFactor":0.8}}}}}}}}