{"entities":{"7c37da70-8d4a-4705-86e3-e7c1bab135dd":{"name":"9 Pengoo","tags":[],"enabled":true,"resource_id":"7c37da70-8d4a-4705-86e3-e7c1bab135dd","parent":null,"children":["22011842-aaf1-47f9-80bd-a4c1d957975b","c6a5207e-b2f3-4755-8fe9-9e58bbf7e4b3","e979574f-d963-44ce-a6f4-f51a2d5354e0","e6bfc4eb-96fe-4394-8bde-6bdf3127e2cf"],"position":[9.021800532612902,0,0],"rotation":[0,0,0],"scale":[0.01,0.01,0.01],"components":{"script":{"enabled":true,"order":["petController"],"scripts":{"petController":{"enabled":true,"attributes":{"petType":8,"nameEntity":"e979574f-d963-44ce-a6f4-f51a2d5354e0"}}}},"anim":{"stateGraphAsset":141919849,"animationAssets":{"Base:Idle":{"asset":141986028},"Base:Walk":{"asset":141469296}},"enabled":true,"speed":1,"activate":true,"playing":false,"rootBone":null,"masks":{},"normalizeWeights":false}}},"22011842-aaf1-47f9-80bd-a4c1d957975b":{"name":"lv1_pet","tags":[],"enabled":true,"resource_id":"22011842-aaf1-47f9-80bd-a4c1d957975b","parent":"7c37da70-8d4a-4705-86e3-e7c1bab135dd","children":[],"position":[1.25731,1.15694,-4.61159],"rotation":[-90,0,0],"scale":[62.9588,62.9588,62.9588],"components":{"render":{"enabled":true,"type":"asset","asset":142118440,"materialAssets":[130463311,130463311],"layers":[0],"batchGroupId":null,"castShadows":false,"castShadowsLightmap":false,"receiveShadows":false,"lightmapped":false,"lightmapSizeMultiplier":1,"castShadowsLightMap":true,"lightMapped":false,"lightMapSizeMultiplier":1,"isStatic":false,"rootBone":"c6a5207e-b2f3-4755-8fe9-9e58bbf7e4b3"}}},"c6a5207e-b2f3-4755-8fe9-9e58bbf7e4b3":{"name":"armt_lv1_pet","tags":[],"enabled":true,"resource_id":"c6a5207e-b2f3-4755-8fe9-9e58bbf7e4b3","parent":"7c37da70-8d4a-4705-86e3-e7c1bab135dd","children":["f4f2ece9-468e-4a0c-aaa3-91373b2d7ae2","6b08dfec-0024-4909-a042-87ca6d92d1c0"],"position":[0,0,0],"rotation":[-90,0,0],"scale":[100,100,100],"components":{}},"f4f2ece9-468e-4a0c-aaa3-91373b2d7ae2":{"name":"Body","tags":[],"enabled":true,"resource_id":"f4f2ece9-468e-4a0c-aaa3-91373b2d7ae2","parent":"c6a5207e-b2f3-4755-8fe9-9e58bbf7e4b3","children":["6ecfb866-8244-4e8a-866a-32ec415047a6"],"position":[0,-0.041898,-0.0232766],"rotation":[90,0,0],"scale":[1,1,1],"components":{}},"6ecfb866-8244-4e8a-866a-32ec415047a6":{"name":"Body_end","tags":[],"enabled":true,"resource_id":"6ecfb866-8244-4e8a-866a-32ec415047a6","parent":"f4f2ece9-468e-4a0c-aaa3-91373b2d7ae2","children":[],"position":[0,0.417008,0],"rotation":[0,0,0],"scale":[1,1,1],"components":{}},"6b08dfec-0024-4909-a042-87ca6d92d1c0":{"name":"Head","tags":[],"enabled":true,"resource_id":"6b08dfec-0024-4909-a042-87ca6d92d1c0","parent":"c6a5207e-b2f3-4755-8fe9-9e58bbf7e4b3","children":["701a8b9c-53b7-4653-890a-cbe4e77e7791"],"position":[0,-0.0418979,0.404053],"rotation":[90,0,0],"scale":[1,1,1],"components":{}},"701a8b9c-53b7-4653-890a-cbe4e77e7791":{"name":"Head2","tags":[],"enabled":true,"resource_id":"701a8b9c-53b7-4653-890a-cbe4e77e7791","parent":"6b08dfec-0024-4909-a042-87ca6d92d1c0","children":["de1bc48d-f507-468f-8810-755a2319bfa2"],"position":[0,0.410444,2.44911e-9],"rotation":[12.799,0.000013321,0.0000030262],"scale":[1,1,1],"components":{}},"de1bc48d-f507-468f-8810-755a2319bfa2":{"name":"Head3","tags":[],"enabled":true,"resource_id":"de1bc48d-f507-468f-8810-755a2319bfa2","parent":"701a8b9c-53b7-4653-890a-cbe4e77e7791","children":["d74c8ed7-eb94-408d-a190-7646bc7e41ad"],"position":[3.55271e-15,0.403475,0],"rotation":[0.0840596,0.000416565,-0.302528],"scale":[1,1,1],"components":{}},"d74c8ed7-eb94-408d-a190-7646bc7e41ad":{"name":"Head3_end","tags":[],"enabled":true,"resource_id":"d74c8ed7-eb94-408d-a190-7646bc7e41ad","parent":"de1bc48d-f507-468f-8810-755a2319bfa2","children":[],"position":[0,0.576275,0],"rotation":[0,0,0],"scale":[1,1,1],"components":{}},"e979574f-d963-44ce-a6f4-f51a2d5354e0":{"name":"name","tags":[],"enabled":true,"resource_id":"e979574f-d963-44ce-a6f4-f51a2d5354e0","parent":"7c37da70-8d4a-4705-86e3-e7c1bab135dd","children":[],"position":[-0.0000057220458984375,244.07391639194452,0],"rotation":[-4.471890957984281e-12,-53.81988365884219,5.524481758314108e-12],"scale":[1,1,1],"components":{"element":{"enabled":true,"type":"text","anchor":[0.5,0.5,0.5,0.5],"pivot":[0.5,0.5],"text":"petname","key":null,"fontAsset":130067484,"fontSize":50,"minFontSize":8,"maxFontSize":32,"autoFitWidth":false,"autoFitHeight":false,"maxLines":null,"lineHeight":46.23,"wrapLines":true,"spacing":1.2,"color":[1,1,1],"opacity":1,"textureAsset":null,"spriteAsset":null,"spriteFrame":0,"pixelsPerUnit":null,"width":242.76,"height":53.3,"margin":[-121.38,217.424,-121.38,-270.724],"alignment":[0.5,0.5],"outlineColor":[0.16470588235294117,0.13333333333333333,0,1],"outlineThickness":1,"shadowColor":[0,0,0,1],"shadowOffset":[0,0],"rect":[0,0,1,1],"materialAsset":null,"autoWidth":true,"autoHeight":true,"fitMode":"stretch","useInput":false,"batchGroupId":null,"mask":false,"layers":[0],"enableMarkup":false},"script":{"enabled":true,"order":["lookAtcamera"],"scripts":{"lookAtcamera":{"enabled":true,"attributes":{"angle":[180,0,180],"isYLocked":false}}}}}},"e6bfc4eb-96fe-4394-8bde-6bdf3127e2cf":{"name":"Trail","tags":[],"enabled":true,"resource_id":"e6bfc4eb-96fe-4394-8bde-6bdf3127e2cf","parent":"7c37da70-8d4a-4705-86e3-e7c1bab135dd","children":[],"position":[0.0000095367431640625,58.605122566223145,-11.343786349009418],"rotation":[0,0,0],"scale":[1,1,1],"components":{"script":{"enabled":true,"order":["trail"],"scripts":{"trail":{"enabled":true,"attributes":{"color":[0,0.9176470588235294,1],"radius":0.5,"lifetime":1.2,"trailfadeness":2,"opacityFactor":0.8}}}}}}}}