{"entities":{"c57c8686-0305-4eea-a349-4b3c8427cadc":{"name":"13 Lava Slime","tags":[],"enabled":true,"resource_id":"c57c8686-0305-4eea-a349-4b3c8427cadc","parent":null,"children":["72efeecc-816a-49d5-90ce-d5a5a5a29c54","7f0e2c0d-84d2-4811-95c0-eb1f4d776ee7","49c7a433-7098-4352-8d87-e1e322a0d6b2"],"position":[0,0,0],"rotation":[0,0,0],"scale":[0.01,0.01,0.01],"components":{"script":{"enabled":true,"order":["petController"],"scripts":{"petController":{"enabled":true,"attributes":{"petType":12,"nameEntity":"49c7a433-7098-4352-8d87-e1e322a0d6b2"}}}},"anim":{"stateGraphAsset":141919849,"animationAssets":{"Base:Idle":{"asset":141986028},"Base:Walk":{"asset":141469296}},"enabled":true,"speed":1,"activate":true,"playing":false,"rootBone":null,"masks":{},"normalizeWeights":false}}},"72efeecc-816a-49d5-90ce-d5a5a5a29c54":{"name":"lv1_pet","tags":[],"enabled":true,"resource_id":"72efeecc-816a-49d5-90ce-d5a5a5a29c54","parent":"c57c8686-0305-4eea-a349-4b3c8427cadc","children":[],"position":[1.25731,1.15694,-4.61159],"rotation":[-90,0,0],"scale":[62.9588,62.9588,62.9588],"components":{"render":{"enabled":true,"type":"asset","asset":142127630,"materialAssets":[130463311],"layers":[0],"batchGroupId":null,"castShadows":false,"castShadowsLightmap":false,"receiveShadows":false,"lightmapped":false,"lightmapSizeMultiplier":1,"castShadowsLightMap":true,"lightMapped":false,"lightMapSizeMultiplier":1,"isStatic":false,"rootBone":"7f0e2c0d-84d2-4811-95c0-eb1f4d776ee7"}}},"7f0e2c0d-84d2-4811-95c0-eb1f4d776ee7":{"name":"armt_lv1_pet","tags":[],"enabled":true,"resource_id":"7f0e2c0d-84d2-4811-95c0-eb1f4d776ee7","parent":"c57c8686-0305-4eea-a349-4b3c8427cadc","children":["3036528e-42ba-45ff-8c63-1540a4684c5e","936abe56-af29-43d5-9012-84cc83c4d6ea"],"position":[0,0,0],"rotation":[-90,0,0],"scale":[85.61819655982286,85.61819655982286,85.61819655982286],"components":{}},"3036528e-42ba-45ff-8c63-1540a4684c5e":{"name":"Body","tags":[],"enabled":true,"resource_id":"3036528e-42ba-45ff-8c63-1540a4684c5e","parent":"7f0e2c0d-84d2-4811-95c0-eb1f4d776ee7","children":["c1c32cb3-6252-49b5-9014-238edcebb540"],"position":[0,-0.041898,-0.0232766],"rotation":[90,0,0],"scale":[1,1,1],"components":{}},"c1c32cb3-6252-49b5-9014-238edcebb540":{"name":"Body_end","tags":[],"enabled":true,"resource_id":"c1c32cb3-6252-49b5-9014-238edcebb540","parent":"3036528e-42ba-45ff-8c63-1540a4684c5e","children":[],"position":[0,0.417008,0],"rotation":[0,0,0],"scale":[1,1,1],"components":{}},"936abe56-af29-43d5-9012-84cc83c4d6ea":{"name":"Head","tags":[],"enabled":true,"resource_id":"936abe56-af29-43d5-9012-84cc83c4d6ea","parent":"7f0e2c0d-84d2-4811-95c0-eb1f4d776ee7","children":["0953e964-c534-4121-ae02-a86971860bf7"],"position":[0,-0.0418979,0.404053],"rotation":[90,0,0],"scale":[1,1,1],"components":{}},"0953e964-c534-4121-ae02-a86971860bf7":{"name":"Head2","tags":[],"enabled":true,"resource_id":"0953e964-c534-4121-ae02-a86971860bf7","parent":"936abe56-af29-43d5-9012-84cc83c4d6ea","children":["d14f8728-3a54-44df-b46b-9a0d5ed68688"],"position":[0,0.410444,2.44911e-9],"rotation":[12.799,0.000013321,0.0000030262],"scale":[1,1,1],"components":{}},"d14f8728-3a54-44df-b46b-9a0d5ed68688":{"name":"Head3","tags":[],"enabled":true,"resource_id":"d14f8728-3a54-44df-b46b-9a0d5ed68688","parent":"0953e964-c534-4121-ae02-a86971860bf7","children":["6e08070b-e6e7-4544-a8ac-dfc903e65f44"],"position":[3.55271e-15,0.403475,0],"rotation":[0.0840596,0.000416565,-0.302528],"scale":[1,1,1],"components":{}},"6e08070b-e6e7-4544-a8ac-dfc903e65f44":{"name":"Head3_end","tags":[],"enabled":true,"resource_id":"6e08070b-e6e7-4544-a8ac-dfc903e65f44","parent":"d14f8728-3a54-44df-b46b-9a0d5ed68688","children":[],"position":[0,0.576275,0],"rotation":[0,0,0],"scale":[1,1,1],"components":{}},"49c7a433-7098-4352-8d87-e1e322a0d6b2":{"name":"name","tags":[],"enabled":true,"resource_id":"49c7a433-7098-4352-8d87-e1e322a0d6b2","parent":"c57c8686-0305-4eea-a349-4b3c8427cadc","children":[],"position":[-0.0000057220458984375,244.07391639194452,0],"rotation":[-4.471890957984281e-12,-53.81988365884219,5.524481758314108e-12],"scale":[1,1,1],"components":{"element":{"enabled":true,"type":"text","anchor":[0.5,0.5,0.5,0.5],"pivot":[0.5,0.5],"text":"petname","key":null,"fontAsset":130067484,"fontSize":50,"minFontSize":8,"maxFontSize":32,"autoFitWidth":false,"autoFitHeight":false,"maxLines":null,"lineHeight":46.23,"wrapLines":true,"spacing":1.2,"color":[1,1,1],"opacity":1,"textureAsset":null,"spriteAsset":null,"spriteFrame":0,"pixelsPerUnit":null,"width":242.76,"height":53.3,"margin":[-121.3800057220459,217.42391639194452,-121.3799942779541,-270.7239163919445],"alignment":[0.5,0.5],"outlineColor":[0.16470588235294117,0.13333333333333333,0,1],"outlineThickness":1,"shadowColor":[0,0,0,1],"shadowOffset":[0,0],"rect":[0,0,1,1],"materialAsset":null,"autoWidth":true,"autoHeight":true,"fitMode":"stretch","useInput":false,"batchGroupId":null,"mask":false,"layers":[0],"enableMarkup":false},"script":{"enabled":true,"order":["lookAtcamera"],"scripts":{"lookAtcamera":{"enabled":true,"attributes":{"angle":[180,0,180],"isYLocked":false}}}}}}}}