{"entities":{"10da5405-0f22-458c-93d5-fc07ce82a799":{"name":"Left Touch Joystick","tags":[],"enabled":true,"resource_id":"10da5405-0f22-458c-93d5-fc07ce82a799","parent":null,"children":["86832dd0-0f14-4f2d-b880-f0137ba54539"],"position":[320,360,0],"rotation":[0,0,0],"scale":[1,1,1],"components":{"element":{"enabled":true,"type":"group","anchor":[0,0,0.5,1],"pivot":[0.5,0.5],"text":"","key":null,"fontAsset":null,"fontSize":32,"minFontSize":8,"maxFontSize":32,"autoFitWidth":false,"autoFitHeight":false,"maxLines":null,"lineHeight":32,"wrapLines":true,"spacing":1,"color":[1,1,1],"opacity":1,"textureAsset":null,"spriteAsset":null,"spriteFrame":0,"pixelsPerUnit":null,"width":640,"height":720,"margin":[0,0,0,0],"alignment":[0.5,0.5],"outlineColor":[0,0,0,1],"outlineThickness":0,"shadowColor":[0,0,0,1],"shadowOffset":[0,0],"rect":[0,0,1,1],"materialAsset":null,"autoWidth":false,"autoHeight":false,"fitMode":"stretch","useInput":true,"batchGroupId":null,"mask":false,"layers":[4],"enableMarkup":false},"script":{"enabled":true,"order":["touchJoystick"],"scripts":{"touchJoystick":{"enabled":true,"attributes":{"baseEntity":"86832dd0-0f14-4f2d-b880-f0137ba54539","nubEntity":"3756b2ef-f83b-4745-b2e1-332b3557c1a5","type":"relative","hideOnRelease":false,"identifier":"joystick0","axisDeadZone":10,"axisRange":60,"positionOnRelease":"original","vibrationPress":0}}}}}},"86832dd0-0f14-4f2d-b880-f0137ba54539":{"name":"Base","tags":[],"enabled":true,"resource_id":"86832dd0-0f14-4f2d-b880-f0137ba54539","parent":"10da5405-0f22-458c-93d5-fc07ce82a799","children":["3756b2ef-f83b-4745-b2e1-332b3557c1a5"],"position":[130,130,-1.0658141274629525e-12],"rotation":[0,0,0],"scale":[1,1,1],"components":{"element":{"enabled":true,"type":"image","anchor":[0,0,0,0],"pivot":[0.5,0.5],"text":"","key":null,"fontAsset":null,"fontSize":32,"minFontSize":8,"maxFontSize":32,"autoFitWidth":false,"autoFitHeight":false,"maxLines":null,"lineHeight":32,"wrapLines":true,"spacing":1,"color":[1,1,1],"opacity":1,"textureAsset":133287916,"spriteAsset":null,"spriteFrame":0,"pixelsPerUnit":null,"width":160,"height":160,"margin":[50,50,-210,-210],"alignment":[0.5,0.5],"outlineColor":[0,0,0,1],"outlineThickness":0,"shadowColor":[0,0,0,1],"shadowOffset":[0,0],"rect":[0,0,1,1],"materialAsset":null,"autoWidth":false,"autoHeight":false,"fitMode":"stretch","useInput":false,"batchGroupId":null,"mask":false,"layers":[4],"enableMarkup":false}}},"3756b2ef-f83b-4745-b2e1-332b3557c1a5":{"name":"Nub","tags":[],"enabled":true,"resource_id":"3756b2ef-f83b-4745-b2e1-332b3557c1a5","parent":"86832dd0-0f14-4f2d-b880-f0137ba54539","children":[],"position":[0.000019073486328125,0,0],"rotation":[0,0,0],"scale":[1,1,1],"components":{"element":{"enabled":true,"type":"image","anchor":[0.5,0.5,0.5,0.5],"pivot":[0.5,0.5],"text":"","key":null,"fontAsset":null,"fontSize":32,"minFontSize":8,"maxFontSize":32,"autoFitWidth":false,"autoFitHeight":false,"maxLines":null,"lineHeight":32,"wrapLines":true,"spacing":1,"color":[1,1,1],"opacity":1,"textureAsset":133287918,"spriteAsset":null,"spriteFrame":0,"pixelsPerUnit":null,"width":96,"height":97,"margin":[-48,-48.5,-48,-48.5],"alignment":[0.5,0.5],"outlineColor":[0,0,0,1],"outlineThickness":0,"shadowColor":[0,0,0,1],"shadowOffset":[0,0],"rect":[0,0,1,1],"materialAsset":null,"autoWidth":false,"autoHeight":false,"fitMode":"stretch","useInput":false,"batchGroupId":null,"mask":false,"layers":[4],"enableMarkup":false}}}}}