{"entities":{"56d461d2-044a-4b4a-9496-2f7027b60f99":{"name":"11 Kamel","tags":[],"enabled":true,"resource_id":"56d461d2-044a-4b4a-9496-2f7027b60f99","parent":null,"children":["b42deed4-7460-46fd-859e-a2ee38f67343","205d6f77-7afa-4510-bb95-c3693022af92","54fbcfac-5137-4545-afd0-5805c6e091ef"],"position":[4.060512214502863,0,0],"rotation":[0,0,0],"scale":[0.01,0.01,0.01],"components":{"script":{"enabled":true,"order":["petController"],"scripts":{"petController":{"enabled":true,"attributes":{"petType":10,"nameEntity":"54fbcfac-5137-4545-afd0-5805c6e091ef"}}}},"anim":{"stateGraphAsset":141919849,"animationAssets":{"Base:Idle":{"asset":141986028},"Base:Walk":{"asset":141469296}},"enabled":true,"speed":1,"activate":true,"playing":false,"rootBone":null,"masks":{},"normalizeWeights":false}}},"b42deed4-7460-46fd-859e-a2ee38f67343":{"name":"lv1_pet","tags":[],"enabled":true,"resource_id":"b42deed4-7460-46fd-859e-a2ee38f67343","parent":"56d461d2-044a-4b4a-9496-2f7027b60f99","children":[],"position":[1.25731,1.15694,-4.61159],"rotation":[-90,0,0],"scale":[62.9588,62.9588,62.9588],"components":{"render":{"enabled":true,"type":"asset","asset":142120738,"materialAssets":[130463311],"layers":[0],"batchGroupId":null,"castShadows":false,"castShadowsLightmap":false,"receiveShadows":false,"lightmapped":false,"lightmapSizeMultiplier":1,"castShadowsLightMap":true,"lightMapped":false,"lightMapSizeMultiplier":1,"isStatic":false,"rootBone":"205d6f77-7afa-4510-bb95-c3693022af92"}}},"205d6f77-7afa-4510-bb95-c3693022af92":{"name":"armt_lv1_pet","tags":[],"enabled":true,"resource_id":"205d6f77-7afa-4510-bb95-c3693022af92","parent":"56d461d2-044a-4b4a-9496-2f7027b60f99","children":["a8587e15-00c8-4d59-b951-bc6962e60040","aea1593d-bba8-4330-9ad2-eda1aa22d407"],"position":[0,0,0],"rotation":[-90,0,0],"scale":[100,100,100],"components":{}},"a8587e15-00c8-4d59-b951-bc6962e60040":{"name":"Body","tags":[],"enabled":true,"resource_id":"a8587e15-00c8-4d59-b951-bc6962e60040","parent":"205d6f77-7afa-4510-bb95-c3693022af92","children":["4e99123a-cb48-4a62-aa26-39f742b00f7f"],"position":[0,-0.041898,-0.0232766],"rotation":[90,0,0],"scale":[1,1,1],"components":{}},"4e99123a-cb48-4a62-aa26-39f742b00f7f":{"name":"Body_end","tags":[],"enabled":true,"resource_id":"4e99123a-cb48-4a62-aa26-39f742b00f7f","parent":"a8587e15-00c8-4d59-b951-bc6962e60040","children":[],"position":[0,0.417008,0],"rotation":[0,0,0],"scale":[1,1,1],"components":{}},"aea1593d-bba8-4330-9ad2-eda1aa22d407":{"name":"Head","tags":[],"enabled":true,"resource_id":"aea1593d-bba8-4330-9ad2-eda1aa22d407","parent":"205d6f77-7afa-4510-bb95-c3693022af92","children":["fdcd5ad5-5f24-48dd-b6f6-4051dd70b585"],"position":[0,-0.0418979,0.404053],"rotation":[90,0,0],"scale":[1,1,1],"components":{}},"fdcd5ad5-5f24-48dd-b6f6-4051dd70b585":{"name":"Head2","tags":[],"enabled":true,"resource_id":"fdcd5ad5-5f24-48dd-b6f6-4051dd70b585","parent":"aea1593d-bba8-4330-9ad2-eda1aa22d407","children":["6c9093d6-6ecf-4874-a303-2849afb2acf3"],"position":[0,0.410444,2.44911e-9],"rotation":[12.799,0.000013321,0.0000030262],"scale":[1,1,1],"components":{}},"6c9093d6-6ecf-4874-a303-2849afb2acf3":{"name":"Head3","tags":[],"enabled":true,"resource_id":"6c9093d6-6ecf-4874-a303-2849afb2acf3","parent":"fdcd5ad5-5f24-48dd-b6f6-4051dd70b585","children":["b8a98a76-c6eb-4c6c-8228-2a328775ad82"],"position":[3.55271e-15,0.403475,0],"rotation":[0.0840596,0.000416565,-0.302528],"scale":[1,1,1],"components":{}},"b8a98a76-c6eb-4c6c-8228-2a328775ad82":{"name":"Head3_end","tags":[],"enabled":true,"resource_id":"b8a98a76-c6eb-4c6c-8228-2a328775ad82","parent":"6c9093d6-6ecf-4874-a303-2849afb2acf3","children":[],"position":[0,0.576275,0],"rotation":[0,0,0],"scale":[1,1,1],"components":{}},"54fbcfac-5137-4545-afd0-5805c6e091ef":{"name":"name","tags":[],"enabled":true,"resource_id":"54fbcfac-5137-4545-afd0-5805c6e091ef","parent":"56d461d2-044a-4b4a-9496-2f7027b60f99","children":[],"position":[-0.0000057220458984375,244.07391639194452,0],"rotation":[-4.471890957984281e-12,-53.81988365884219,5.524481758314108e-12],"scale":[1,1,1],"components":{"element":{"enabled":true,"type":"text","anchor":[0.5,0.5,0.5,0.5],"pivot":[0.5,0.5],"text":"petname","key":null,"fontAsset":130067484,"fontSize":50,"minFontSize":8,"maxFontSize":32,"autoFitWidth":false,"autoFitHeight":false,"maxLines":null,"lineHeight":46.23,"wrapLines":true,"spacing":1.2,"color":[1,1,1],"opacity":1,"textureAsset":null,"spriteAsset":null,"spriteFrame":0,"pixelsPerUnit":null,"width":242.76,"height":53.3,"margin":[-121.38,217.424,-121.38,-270.724],"alignment":[0.5,0.5],"outlineColor":[0.16470588235294117,0.13333333333333333,0,1],"outlineThickness":1,"shadowColor":[0,0,0,1],"shadowOffset":[0,0],"rect":[0,0,1,1],"materialAsset":null,"autoWidth":true,"autoHeight":true,"fitMode":"stretch","useInput":false,"batchGroupId":null,"mask":false,"layers":[0],"enableMarkup":false},"script":{"enabled":true,"order":["lookAtcamera"],"scripts":{"lookAtcamera":{"enabled":true,"attributes":{"angle":[180,0,180],"isYLocked":false}}}}}}}}