{"entities":{"a2c3d1a1-f396-43d8-a5b6-182d8540f7b2":{"name":"Crocoie","tags":[],"enabled":true,"resource_id":"a2c3d1a1-f396-43d8-a5b6-182d8540f7b2","parent":null,"children":["78c6004f-bfae-4784-b4c4-7c192cadc907","c02673e2-b9f9-4e1a-8339-c999eeef7412","8f689b5d-44f3-4775-bdbd-611ddf94a74d"],"position":[-9.417318877528857,-2.7946064472198486,78.15153773861165],"rotation":[0,0,0],"scale":[0.01,0.01,0.01],"components":{"script":{"enabled":true,"order":["petController"],"scripts":{"petController":{"enabled":true,"attributes":{"petType":4,"nameEntity":"8f689b5d-44f3-4775-bdbd-611ddf94a74d"}}}},"anim":{"stateGraphAsset":141919849,"animationAssets":{"Base:Idle":{"asset":141986028},"Base:Walk":{"asset":141469296}},"enabled":true,"speed":1,"activate":true,"playing":false,"rootBone":null,"masks":{},"normalizeWeights":false}}},"78c6004f-bfae-4784-b4c4-7c192cadc907":{"name":"lv1_pet","tags":[],"enabled":true,"resource_id":"78c6004f-bfae-4784-b4c4-7c192cadc907","parent":"a2c3d1a1-f396-43d8-a5b6-182d8540f7b2","children":[],"position":[1.25731,1.15694,-4.61159],"rotation":[-90,0,0],"scale":[62.9588,62.9588,62.9588],"components":{"render":{"enabled":true,"type":"asset","asset":142114785,"materialAssets":[130463311],"layers":[0],"batchGroupId":null,"castShadows":false,"castShadowsLightmap":false,"receiveShadows":false,"lightmapped":false,"lightmapSizeMultiplier":1,"castShadowsLightMap":true,"lightMapped":false,"lightMapSizeMultiplier":1,"isStatic":false,"rootBone":"c02673e2-b9f9-4e1a-8339-c999eeef7412"}}},"c02673e2-b9f9-4e1a-8339-c999eeef7412":{"name":"armt_lv1_pet","tags":[],"enabled":true,"resource_id":"c02673e2-b9f9-4e1a-8339-c999eeef7412","parent":"a2c3d1a1-f396-43d8-a5b6-182d8540f7b2","children":["5eda400b-8951-4d84-ad82-4a3928dd4a48","176fb856-483d-4001-a026-529496bb5c7a"],"position":[0,0,0],"rotation":[-90,0,0],"scale":[100,100,100],"components":{}},"5eda400b-8951-4d84-ad82-4a3928dd4a48":{"name":"Body","tags":[],"enabled":true,"resource_id":"5eda400b-8951-4d84-ad82-4a3928dd4a48","parent":"c02673e2-b9f9-4e1a-8339-c999eeef7412","children":["81f8c25f-1991-41bf-ae90-764365691a61"],"position":[0,-0.041898,-0.0232766],"rotation":[90,0,0],"scale":[1,1,1],"components":{}},"81f8c25f-1991-41bf-ae90-764365691a61":{"name":"Body_end","tags":[],"enabled":true,"resource_id":"81f8c25f-1991-41bf-ae90-764365691a61","parent":"5eda400b-8951-4d84-ad82-4a3928dd4a48","children":[],"position":[0,0.417008,0],"rotation":[0,0,0],"scale":[1,1,1],"components":{}},"176fb856-483d-4001-a026-529496bb5c7a":{"name":"Head","tags":[],"enabled":true,"resource_id":"176fb856-483d-4001-a026-529496bb5c7a","parent":"c02673e2-b9f9-4e1a-8339-c999eeef7412","children":["be8ef432-a91f-4ec5-a200-e0b37ecd0350"],"position":[0,-0.0418979,0.404053],"rotation":[90,0,0],"scale":[1,1,1],"components":{}},"be8ef432-a91f-4ec5-a200-e0b37ecd0350":{"name":"Head2","tags":[],"enabled":true,"resource_id":"be8ef432-a91f-4ec5-a200-e0b37ecd0350","parent":"176fb856-483d-4001-a026-529496bb5c7a","children":["8b03fae5-2ff1-4684-a3d7-c792a7b5d864"],"position":[0,0.410444,2.44911e-9],"rotation":[12.799,0.000013321,0.0000030262],"scale":[1,1,1],"components":{}},"8b03fae5-2ff1-4684-a3d7-c792a7b5d864":{"name":"Head3","tags":[],"enabled":true,"resource_id":"8b03fae5-2ff1-4684-a3d7-c792a7b5d864","parent":"be8ef432-a91f-4ec5-a200-e0b37ecd0350","children":["0ab8fd86-2021-4fa5-8070-ad409db55320"],"position":[3.55271e-15,0.403475,0],"rotation":[0.0840596,0.000416565,-0.302528],"scale":[1,1,1],"components":{}},"0ab8fd86-2021-4fa5-8070-ad409db55320":{"name":"Head3_end","tags":[],"enabled":true,"resource_id":"0ab8fd86-2021-4fa5-8070-ad409db55320","parent":"8b03fae5-2ff1-4684-a3d7-c792a7b5d864","children":[],"position":[0,0.576275,0],"rotation":[0,0,0],"scale":[1,1,1],"components":{}},"8f689b5d-44f3-4775-bdbd-611ddf94a74d":{"name":"name","tags":[],"enabled":true,"resource_id":"8f689b5d-44f3-4775-bdbd-611ddf94a74d","parent":"a2c3d1a1-f396-43d8-a5b6-182d8540f7b2","children":[],"position":[-0.0000057220458984375,244.07391639194452,0],"rotation":[-4.471890957984281e-12,-53.81988365884219,5.524481758314108e-12],"scale":[1,1,1],"components":{"element":{"enabled":true,"type":"text","anchor":[0.5,0.5,0.5,0.5],"pivot":[0.5,0.5],"text":"petname","key":null,"fontAsset":130067484,"fontSize":50,"minFontSize":8,"maxFontSize":32,"autoFitWidth":false,"autoFitHeight":false,"maxLines":null,"lineHeight":46.23,"wrapLines":true,"spacing":1.2,"color":[1,1,1],"opacity":1,"textureAsset":null,"spriteAsset":null,"spriteFrame":0,"pixelsPerUnit":null,"width":242.76,"height":53.3,"margin":[-121.38,217.424,-121.38,-270.724],"alignment":[0.5,0.5],"outlineColor":[0.16470588235294117,0.13333333333333333,0,1],"outlineThickness":1,"shadowColor":[0,0,0,1],"shadowOffset":[0,0],"rect":[0,0,1,1],"materialAsset":null,"autoWidth":true,"autoHeight":true,"fitMode":"stretch","useInput":false,"batchGroupId":null,"mask":false,"layers":[0],"enableMarkup":false},"script":{"enabled":true,"order":["lookAtcamera"],"scripts":{"lookAtcamera":{"enabled":true,"attributes":{"angle":[180,0,180],"isYLocked":false}}}}}}}}