{"entities":{"9ce78651-c472-4c03-92d9-74f72fde7cb9":{"name":"Touch Button","tags":[],"enabled":true,"resource_id":"9ce78651-c472-4c03-92d9-74f72fde7cb9","parent":null,"children":[],"position":[0,84.81063557602637,0],"rotation":[0,0,0],"scale":[1,1,1],"components":{"element":{"enabled":true,"type":"image","anchor":[0.5,0,0.5,0],"pivot":[0.5,0.5],"text":"","key":null,"fontAsset":null,"fontSize":32,"minFontSize":8,"maxFontSize":32,"autoFitWidth":false,"autoFitHeight":false,"maxLines":null,"lineHeight":32,"wrapLines":true,"spacing":1,"color":[1,1,1],"opacity":1,"textureAsset":133287923,"spriteAsset":null,"spriteFrame":0,"pixelsPerUnit":null,"width":100,"height":100,"margin":[-50,34.81063557602637,-50,-134.81063557602636],"alignment":[0.5,0.5],"outlineColor":[0,0,0,1],"outlineThickness":0,"shadowColor":[0,0,0,1],"shadowOffset":[0,0],"rect":[0,0,1,1],"materialAsset":null,"autoWidth":false,"autoHeight":false,"fitMode":"stretch","useInput":true,"batchGroupId":null,"mask":false,"layers":[4],"enableMarkup":false},"script":{"enabled":true,"order":["touchButton"],"scripts":{"touchButton":{"enabled":true,"attributes":{"identifier":"button0","vibration":0}}}}}}}}