{"entities":{"aafe6e9e-5b08-45a6-919a-da562c2a809b":{"name":"15 Phoenix","tags":[],"enabled":true,"resource_id":"aafe6e9e-5b08-45a6-919a-da562c2a809b","parent":null,"children":["8bee5f25-4448-47b0-b1b2-30258d4f626c","778262f7-a8d6-404d-8aad-9d717197dab9","0b9625b0-2ed5-4e1a-a753-49638b29f579","5a76e17b-f66f-481e-9453-8b97665b688e"],"position":[21.21327612793688,-2.7946064472198486,0.2796405832444293],"rotation":[0,0,0],"scale":[0.01,0.01,0.01],"components":{"script":{"enabled":true,"order":["petController"],"scripts":{"petController":{"enabled":true,"attributes":{"petType":14,"nameEntity":"0b9625b0-2ed5-4e1a-a753-49638b29f579"}}}},"anim":{"stateGraphAsset":141919849,"animationAssets":{"Base:Idle":{"asset":141986028},"Base:Walk":{"asset":141469296}},"enabled":true,"speed":1,"activate":true,"playing":false,"rootBone":null,"masks":{},"normalizeWeights":false}}},"8bee5f25-4448-47b0-b1b2-30258d4f626c":{"name":"lv1_pet","tags":[],"enabled":true,"resource_id":"8bee5f25-4448-47b0-b1b2-30258d4f626c","parent":"aafe6e9e-5b08-45a6-919a-da562c2a809b","children":[],"position":[1.25731,1.15694,-4.61159],"rotation":[-90,0,0],"scale":[62.9588,62.9588,62.9588],"components":{"render":{"enabled":true,"type":"asset","asset":142127062,"materialAssets":[130463311],"layers":[0],"batchGroupId":null,"castShadows":false,"castShadowsLightmap":false,"receiveShadows":false,"lightmapped":false,"lightmapSizeMultiplier":1,"castShadowsLightMap":true,"lightMapped":false,"lightMapSizeMultiplier":1,"isStatic":false,"rootBone":"778262f7-a8d6-404d-8aad-9d717197dab9"}}},"778262f7-a8d6-404d-8aad-9d717197dab9":{"name":"armt_lv1_pet","tags":[],"enabled":true,"resource_id":"778262f7-a8d6-404d-8aad-9d717197dab9","parent":"aafe6e9e-5b08-45a6-919a-da562c2a809b","children":["62d3ed37-971c-4ea4-9adf-68577d435153","fc774977-455e-46c7-94e5-8d73d0b31c70"],"position":[0,0,0],"rotation":[-90,0,0],"scale":[100,100,100],"components":{}},"62d3ed37-971c-4ea4-9adf-68577d435153":{"name":"Body","tags":[],"enabled":true,"resource_id":"62d3ed37-971c-4ea4-9adf-68577d435153","parent":"778262f7-a8d6-404d-8aad-9d717197dab9","children":["b8e40f5e-43b6-4f04-ae06-b1439b5f4040"],"position":[0,-0.041898,-0.0232766],"rotation":[90,0,0],"scale":[1,1,1],"components":{}},"b8e40f5e-43b6-4f04-ae06-b1439b5f4040":{"name":"Body_end","tags":[],"enabled":true,"resource_id":"b8e40f5e-43b6-4f04-ae06-b1439b5f4040","parent":"62d3ed37-971c-4ea4-9adf-68577d435153","children":[],"position":[0,0.417008,0],"rotation":[0,0,0],"scale":[1,1,1],"components":{}},"fc774977-455e-46c7-94e5-8d73d0b31c70":{"name":"Head","tags":[],"enabled":true,"resource_id":"fc774977-455e-46c7-94e5-8d73d0b31c70","parent":"778262f7-a8d6-404d-8aad-9d717197dab9","children":["1f468942-5733-4847-b31c-61d5d76fcebc"],"position":[0,-0.0418979,0.404053],"rotation":[90,0,0],"scale":[1,1,1],"components":{}},"1f468942-5733-4847-b31c-61d5d76fcebc":{"name":"Head2","tags":[],"enabled":true,"resource_id":"1f468942-5733-4847-b31c-61d5d76fcebc","parent":"fc774977-455e-46c7-94e5-8d73d0b31c70","children":["40d2c80b-c83a-4f3f-b75d-782ad72caca9"],"position":[0,0.410444,2.44911e-9],"rotation":[12.799,0.000013321,0.0000030262],"scale":[1,1,1],"components":{}},"40d2c80b-c83a-4f3f-b75d-782ad72caca9":{"name":"Head3","tags":[],"enabled":true,"resource_id":"40d2c80b-c83a-4f3f-b75d-782ad72caca9","parent":"1f468942-5733-4847-b31c-61d5d76fcebc","children":["1a6c7963-987e-4f85-9e62-4f50614e6cbe"],"position":[3.55271e-15,0.403475,0],"rotation":[0.0840596,0.000416565,-0.302528],"scale":[1,1,1],"components":{}},"1a6c7963-987e-4f85-9e62-4f50614e6cbe":{"name":"Head3_end","tags":[],"enabled":true,"resource_id":"1a6c7963-987e-4f85-9e62-4f50614e6cbe","parent":"40d2c80b-c83a-4f3f-b75d-782ad72caca9","children":[],"position":[0,0.576275,0],"rotation":[0,0,0],"scale":[1,1,1],"components":{}},"0b9625b0-2ed5-4e1a-a753-49638b29f579":{"name":"name","tags":[],"enabled":true,"resource_id":"0b9625b0-2ed5-4e1a-a753-49638b29f579","parent":"aafe6e9e-5b08-45a6-919a-da562c2a809b","children":[],"position":[-0.0000057220458984375,244.07391639194452,0],"rotation":[-4.471890957984281e-12,-53.81988365884219,5.524481758314108e-12],"scale":[1,1,1],"components":{"element":{"enabled":true,"type":"text","anchor":[0.5,0.5,0.5,0.5],"pivot":[0.5,0.5],"text":"petname","key":null,"fontAsset":130067484,"fontSize":50,"minFontSize":8,"maxFontSize":32,"autoFitWidth":false,"autoFitHeight":false,"maxLines":null,"lineHeight":46.23,"wrapLines":true,"spacing":1.2,"color":[1,1,1],"opacity":1,"textureAsset":null,"spriteAsset":null,"spriteFrame":0,"pixelsPerUnit":null,"width":242.76,"height":53.3,"margin":[-121.38,217.424,-121.38,-270.724],"alignment":[0.5,0.5],"outlineColor":[0.16470588235294117,0.13333333333333333,0,1],"outlineThickness":1,"shadowColor":[0,0,0,1],"shadowOffset":[0,0],"rect":[0,0,1,1],"materialAsset":null,"autoWidth":true,"autoHeight":true,"fitMode":"stretch","useInput":false,"batchGroupId":null,"mask":false,"layers":[0],"enableMarkup":false},"script":{"enabled":true,"order":["lookAtcamera"],"scripts":{"lookAtcamera":{"enabled":true,"attributes":{"angle":[180,0,180],"isYLocked":false}}}}}},"5a76e17b-f66f-481e-9453-8b97665b688e":{"name":"Trail","tags":[],"enabled":true,"resource_id":"5a76e17b-f66f-481e-9453-8b97665b688e","parent":"aafe6e9e-5b08-45a6-919a-da562c2a809b","children":[],"position":[0.0000095367431640625,58.605122566223145,-11.343786349009418],"rotation":[0,0,0],"scale":[1,1,1],"components":{"script":{"enabled":true,"order":["trail"],"scripts":{"trail":{"enabled":true,"attributes":{"color":[1,0,0],"radius":0.5,"lifetime":1.2,"trailfadeness":2,"opacityFactor":0.8}}}}}}}}