{"entities":{"b5049c6c-2aed-4cb9-acea-91b8663233be":{"enabled":true,"tags":[],"children":["53efa0e1-6dc7-42b4-bf88-3c02c1fe2a56","d29446a3-9621-4ec3-a85f-c12390a60d7b"],"position":[0,0,0],"rotation":[0,0,0],"scale":[0.01,0.01,0.01],"resource_id":"b5049c6c-2aed-4cb9-acea-91b8663233be","name":"RootNode","components":{},"parent":null},"53efa0e1-6dc7-42b4-bf88-3c02c1fe2a56":{"enabled":true,"tags":[],"children":[],"position":[0,0,0],"rotation":[-90,0,0],"scale":[100,100,100],"resource_id":"53efa0e1-6dc7-42b4-bf88-3c02c1fe2a56","name":"Dragon","components":{"render":{"enabled":true,"type":"asset","asset":168464896,"materialAssets":[168464894],"layers":[0],"batchGroupId":null,"castShadows":true,"castShadowsLightmap":true,"receiveShadows":true,"lightmapped":false,"lightmapSizeMultiplier":1,"castShadowsLightMap":true,"lightMapped":false,"lightMapSizeMultiplier":1,"isStatic":false,"rootBone":"d29446a3-9621-4ec3-a85f-c12390a60d7b"}},"parent":"b5049c6c-2aed-4cb9-acea-91b8663233be"},"d29446a3-9621-4ec3-a85f-c12390a60d7b":{"enabled":true,"tags":[],"children":["e798c708-d4c9-4c37-9f3b-a7b82cfa618e","3546257f-7da9-41c7-9a5c-35db010f8137","1b085113-8de7-4e3b-b28b-6408b5aea40e","f4c2d3de-a521-4706-8259-db7a5040bfff","d55f3b35-e1bf-4be6-983f-2ba55057f603"],"position":[0,0,0],"rotation":[-90,0,0],"scale":[100,100,100],"resource_id":"d29446a3-9621-4ec3-a85f-c12390a60d7b","name":"ArmatureDragon","components":{},"parent":"b5049c6c-2aed-4cb9-acea-91b8663233be"},"e798c708-d4c9-4c37-9f3b-a7b82cfa618e":{"enabled":true,"tags":[],"children":["1b42e96b-2276-48bd-a8e1-f4e16c371792","eb298345-9fed-4e09-886c-49d4356fb613","68e4e771-6169-45f5-84d3-107f146f86dc","ce0baada-0368-42b3-85e6-c626c973496b"],"position":[2.25922e-16,4.87419,4.44486],"rotation":[134.509,0.0000287285,-0.0000292255],"scale":[1,1,1],"resource_id":"e798c708-d4c9-4c37-9f3b-a7b82cfa618e","name":"Bone","components":{},"parent":"d29446a3-9621-4ec3-a85f-c12390a60d7b"},"1b42e96b-2276-48bd-a8e1-f4e16c371792":{"enabled":true,"tags":[],"children":["c7d0c8be-ccb7-4b81-ad10-51cd1f966218"],"position":[7.01525e-8,-1.33963,0.0980811],"rotation":[170.301,-5.07034,-21.8179],"scale":[1,1,1],"resource_id":"1b42e96b-2276-48bd-a8e1-f4e16c371792","name":"Bone.010","components":{},"parent":"e798c708-d4c9-4c37-9f3b-a7b82cfa618e"},"c7d0c8be-ccb7-4b81-ad10-51cd1f966218":{"enabled":true,"tags":[],"children":["41a35dd0-323d-4e30-9c21-e12b8e46ed3a"],"position":[-1.33179e-7,1.78897,-5.92321e-7],"rotation":[7.4563,-2.70562,8.82233],"scale":[1,1,1],"resource_id":"c7d0c8be-ccb7-4b81-ad10-51cd1f966218","name":"Bone.014","components":{},"parent":"1b42e96b-2276-48bd-a8e1-f4e16c371792"},"41a35dd0-323d-4e30-9c21-e12b8e46ed3a":{"enabled":true,"tags":[],"children":["132529ae-904d-4e8b-851f-58986d6e7d88"],"position":[-4.47035e-7,1.78897,6.33299e-7],"rotation":[-25.9509,2.90033,11.6057],"scale":[1,1,1],"resource_id":"41a35dd0-323d-4e30-9c21-e12b8e46ed3a","name":"Bone.011","components":{},"parent":"c7d0c8be-ccb7-4b81-ad10-51cd1f966218"},"132529ae-904d-4e8b-851f-58986d6e7d88":{"enabled":true,"tags":[],"children":["4b6b9207-6e54-4177-8e72-ed36c1c042bf"],"position":[8.9407e-8,2.10653,7.59959e-7],"rotation":[-32.4816,4.64567,14.8733],"scale":[1,0.999999,1],"resource_id":"132529ae-904d-4e8b-851f-58986d6e7d88","name":"Bone.012","components":{},"parent":"41a35dd0-323d-4e30-9c21-e12b8e46ed3a"},"4b6b9207-6e54-4177-8e72-ed36c1c042bf":{"enabled":true,"tags":[],"children":["63a80d98-ecb2-4d35-bedb-75914ca6b592"],"position":[-2.38419e-7,1.32612,-2.68221e-7],"rotation":[-22.44,2.26956,11.6414],"scale":[1,1,1],"resource_id":"4b6b9207-6e54-4177-8e72-ed36c1c042bf","name":"Bone.015","components":{},"parent":"132529ae-904d-4e8b-851f-58986d6e7d88"},"63a80d98-ecb2-4d35-bedb-75914ca6b592":{"enabled":true,"tags":[],"children":["34a99832-dedd-4d86-85a1-5860267a9cdc"],"position":[-2.38419e-7,1.31603,-5.96046e-8],"rotation":[1.05963,-0.00000277871,4.01228e-7],"scale":[1,1,1],"resource_id":"63a80d98-ecb2-4d35-bedb-75914ca6b592","name":"Bone.013","components":{},"parent":"4b6b9207-6e54-4177-8e72-ed36c1c042bf"},"34a99832-dedd-4d86-85a1-5860267a9cdc":{"enabled":true,"tags":[],"children":[],"position":[0,1.80472,0],"rotation":[0,0,0],"scale":[1,1,1],"resource_id":"34a99832-dedd-4d86-85a1-5860267a9cdc","name":"Bone.013_end","components":{},"parent":"63a80d98-ecb2-4d35-bedb-75914ca6b592"},"eb298345-9fed-4e09-886c-49d4356fb613":{"enabled":true,"tags":[],"children":["f3354839-9be8-414c-8732-2a35d0ef5da8"],"position":[0.787679,1.83582,1.10604],"rotation":[162.783,9.2112,2.95937],"scale":[1,1,1],"resource_id":"eb298345-9fed-4e09-886c-49d4356fb613","name":"Leg_BackL","components":{},"parent":"e798c708-d4c9-4c37-9f3b-a7b82cfa618e"},"f3354839-9be8-414c-8732-2a35d0ef5da8":{"enabled":true,"tags":[],"children":["dbb1f806-0cce-4dc2-aac0-549149b95495","db609978-5132-4d88-a485-c3d041381ea3"],"position":[-5.96046e-8,2.74109,3.42727e-7],"rotation":[-46.4295,0.475546,5.24451],"scale":[1,1,1],"resource_id":"f3354839-9be8-414c-8732-2a35d0ef5da8","name":"Bone.019","components":{},"parent":"eb298345-9fed-4e09-886c-49d4356fb613"},"dbb1f806-0cce-4dc2-aac0-549149b95495":{"enabled":true,"tags":[],"children":["588cfdfb-69ee-41b1-b80e-8e10e998492d"],"position":[-6.70552e-8,2.4264,1.41561e-7],"rotation":[-63.8424,-1.36629,4.15676],"scale":[1,1,1],"resource_id":"dbb1f806-0cce-4dc2-aac0-549149b95495","name":"Bone.020","components":{},"parent":"f3354839-9be8-414c-8732-2a35d0ef5da8"},"588cfdfb-69ee-41b1-b80e-8e10e998492d":{"enabled":true,"tags":[],"children":[],"position":[0,2.06536,0],"rotation":[0,0,0],"scale":[1,1,1],"resource_id":"588cfdfb-69ee-41b1-b80e-8e10e998492d","name":"Bone.020_end","components":{},"parent":"dbb1f806-0cce-4dc2-aac0-549149b95495"},"db609978-5132-4d88-a485-c3d041381ea3":{"enabled":true,"tags":[],"children":["6d8cbcf4-dfe9-4cbe-ade3-2f9b21caa74c"],"position":[-6.70552e-8,2.4264,1.41561e-7],"rotation":[103.177,-3.03659,8.83077],"scale":[1,1,1],"resource_id":"db609978-5132-4d88-a485-c3d041381ea3","name":"Bone.021","components":{},"parent":"f3354839-9be8-414c-8732-2a35d0ef5da8"},"6d8cbcf4-dfe9-4cbe-ade3-2f9b21caa74c":{"enabled":true,"tags":[],"children":[],"position":[0,1.4797,0],"rotation":[0,0,0],"scale":[1,1,1],"resource_id":"6d8cbcf4-dfe9-4cbe-ade3-2f9b21caa74c","name":"Bone.021_end","components":{},"parent":"db609978-5132-4d88-a485-c3d041381ea3"},"68e4e771-6169-45f5-84d3-107f146f86dc":{"enabled":true,"tags":[],"children":["71fbd93f-0691-4735-ab8b-074734346285"],"position":[-4.2119e-13,2.19546,0],"rotation":[40.6899,0.00000990718,-0.0000267182],"scale":[1,1,1],"resource_id":"68e4e771-6169-45f5-84d3-107f146f86dc","name":"Bone.022","components":{},"parent":"e798c708-d4c9-4c37-9f3b-a7b82cfa618e"},"71fbd93f-0691-4735-ab8b-074734346285":{"enabled":true,"tags":[],"children":["46b3ecae-f62b-48da-96a7-df2a18d5d916","b005be6f-7982-464a-a5a9-bf3fd401d7f5","a076a373-174a-45ea-b504-cef1adbef05a"],"position":[-2.97889e-14,2.15424,-7.45058e-8],"rotation":[-4.42135,-5.84696e-7,-0.00000588478],"scale":[1,1,1],"resource_id":"71fbd93f-0691-4735-ab8b-074734346285","name":"Bone.001","components":{},"parent":"68e4e771-6169-45f5-84d3-107f146f86dc"},"46b3ecae-f62b-48da-96a7-df2a18d5d916":{"enabled":true,"tags":[],"children":["c31145be-f787-4068-835e-1222b0c464cc"],"position":[1.06581e-12,3.3226,1.19209e-7],"rotation":[-50.3375,0.00000533372,0.0000427689],"scale":[1,1,1],"resource_id":"46b3ecae-f62b-48da-96a7-df2a18d5d916","name":"Bone.002","components":{},"parent":"71fbd93f-0691-4735-ab8b-074734346285"},"c31145be-f787-4068-835e-1222b0c464cc":{"enabled":true,"tags":[],"children":["ad7e10fe-58d3-44b6-aefc-9d99bc191860"],"position":[-1.13687e-13,2.62037,-1.1921e-7],"rotation":[21.8456,-0.00000784124,-0.0000372294],"scale":[1,1,1],"resource_id":"c31145be-f787-4068-835e-1222b0c464cc","name":"Bone.003","components":{},"parent":"46b3ecae-f62b-48da-96a7-df2a18d5d916"},"ad7e10fe-58d3-44b6-aefc-9d99bc191860":{"enabled":true,"tags":[],"children":["cdd13062-8cc6-47c2-a6b3-4657c842d530"],"position":[1.7053e-12,2.30968,7.15254e-7],"rotation":[54.2563,-0.0000306942,-0.000135345],"scale":[1,1,1],"resource_id":"ad7e10fe-58d3-44b6-aefc-9d99bc191860","name":"Bone.004","components":{},"parent":"c31145be-f787-4068-835e-1222b0c464cc"},"cdd13062-8cc6-47c2-a6b3-4657c842d530":{"enabled":true,"tags":[],"children":["25f8d5fe-4f3b-46e4-960b-a846cd485d88","31984547-6c45-4e68-8b3c-7cb56cb5ea85"],"position":[-2.84217e-12,1.37732,9.53669e-7],"rotation":[8.10472,0.00000773603,-0.0000224516],"scale":[1,1,1],"resource_id":"cdd13062-8cc6-47c2-a6b3-4657c842d530","name":"Bone.005","components":{},"parent":"ad7e10fe-58d3-44b6-aefc-9d99bc191860"},"25f8d5fe-4f3b-46e4-960b-a846cd485d88":{"enabled":true,"tags":[],"children":["6ee48b7d-6eed-423a-8f8a-9b0c60a20789"],"position":[2.72848e-12,1.9,-6.31495e-12],"rotation":[-9.75224,-1.17257e-7,0.0000264458],"scale":[1,1,1],"resource_id":"25f8d5fe-4f3b-46e4-960b-a846cd485d88","name":"Bone.006","components":{},"parent":"cdd13062-8cc6-47c2-a6b3-4657c842d530"},"6ee48b7d-6eed-423a-8f8a-9b0c60a20789":{"enabled":true,"tags":[],"children":["3c545b46-5745-4714-b22f-55483a10cd52"],"position":[1.59162e-12,3.1257,4.76829e-7],"rotation":[-1.36236,-0.0000136101,0.00000422214],"scale":[1,1,1],"resource_id":"6ee48b7d-6eed-423a-8f8a-9b0c60a20789","name":"Bone.009","components":{},"parent":"25f8d5fe-4f3b-46e4-960b-a846cd485d88"},"3c545b46-5745-4714-b22f-55483a10cd52":{"enabled":true,"tags":[],"children":[],"position":[0,1.21442,0],"rotation":[0,0,0],"scale":[1,1,1],"resource_id":"3c545b46-5745-4714-b22f-55483a10cd52","name":"Bone.009_end","components":{},"parent":"6ee48b7d-6eed-423a-8f8a-9b0c60a20789"},"31984547-6c45-4e68-8b3c-7cb56cb5ea85":{"enabled":true,"tags":[],"children":["589e3ba9-a4a4-49f0-9786-40f73997bdc6"],"position":[2.72848e-12,1.9,-6.31495e-12],"rotation":[20.4772,0.0000044156,-0.0000575568],"scale":[1,1,1],"resource_id":"31984547-6c45-4e68-8b3c-7cb56cb5ea85","name":"Bone.007","components":{},"parent":"cdd13062-8cc6-47c2-a6b3-4657c842d530"},"589e3ba9-a4a4-49f0-9786-40f73997bdc6":{"enabled":true,"tags":[],"children":["272b6ad8-dca7-4cbd-98d4-3e4a1e093e12"],"position":[3.41061e-12,3.07009,-6.51212e-12],"rotation":[2.74691,1.88351e-7,-0.00000785597],"scale":[1,1,1],"resource_id":"589e3ba9-a4a4-49f0-9786-40f73997bdc6","name":"Bone.008","components":{},"parent":"31984547-6c45-4e68-8b3c-7cb56cb5ea85"},"272b6ad8-dca7-4cbd-98d4-3e4a1e093e12":{"enabled":true,"tags":[],"children":[],"position":[0,1.30346,0],"rotation":[0,0,0],"scale":[1,1,1],"resource_id":"272b6ad8-dca7-4cbd-98d4-3e4a1e093e12","name":"Bone.008_end","components":{},"parent":"589e3ba9-a4a4-49f0-9786-40f73997bdc6"},"b005be6f-7982-464a-a5a9-bf3fd401d7f5":{"enabled":true,"tags":[],"children":["318532eb-99f5-4d21-a132-2ea76b7ce521"],"position":[0.787679,3.47277,1.10594],"rotation":[89.104,5.96673,2.28494],"scale":[1,1,1],"resource_id":"b005be6f-7982-464a-a5a9-bf3fd401d7f5","name":"Leg_FrontL","components":{},"parent":"71fbd93f-0691-4735-ab8b-074734346285"},"318532eb-99f5-4d21-a132-2ea76b7ce521":{"enabled":true,"tags":[],"children":["6012c908-82aa-4477-8669-dfb1dc8394dc","61d8255b-01c3-4727-a967-cec067b1902a"],"position":[1.2666e-7,2.96077,4.84288e-8],"rotation":[-0.283328,-2.73918,0.0294021],"scale":[1,1,1],"resource_id":"318532eb-99f5-4d21-a132-2ea76b7ce521","name":"Knee_FrontL","components":{},"parent":"b005be6f-7982-464a-a5a9-bf3fd401d7f5"},"6012c908-82aa-4477-8669-dfb1dc8394dc":{"enabled":true,"tags":[],"children":["3f35a397-cfed-466b-ae4c-e744ab05d4e4"],"position":[-1.11759e-7,2.39277,-7.68341e-8],"rotation":[-57.4175,-1.14582,4.39565],"scale":[1,1,1],"resource_id":"6012c908-82aa-4477-8669-dfb1dc8394dc","name":"Bone.016","components":{},"parent":"318532eb-99f5-4d21-a132-2ea76b7ce521"},"3f35a397-cfed-466b-ae4c-e744ab05d4e4":{"enabled":true,"tags":[],"children":[],"position":[0,1.88959,0],"rotation":[0,0,0],"scale":[1,1,1],"resource_id":"3f35a397-cfed-466b-ae4c-e744ab05d4e4","name":"Bone.016_end","components":{},"parent":"6012c908-82aa-4477-8669-dfb1dc8394dc"},"61d8255b-01c3-4727-a967-cec067b1902a":{"enabled":true,"tags":[],"children":["662d6d79-c922-4ec0-a1c3-3ff31a1d67a4"],"position":[-1.11759e-7,2.39277,-7.68341e-8],"rotation":[111.528,-3.37948,8.81253],"scale":[1,1,1],"resource_id":"61d8255b-01c3-4727-a967-cec067b1902a","name":"Bone.017","components":{},"parent":"318532eb-99f5-4d21-a132-2ea76b7ce521"},"662d6d79-c922-4ec0-a1c3-3ff31a1d67a4":{"enabled":true,"tags":[],"children":[],"position":[0,1.65829,0],"rotation":[0,0,0],"scale":[1,1,1],"resource_id":"662d6d79-c922-4ec0-a1c3-3ff31a1d67a4","name":"Bone.017_end","components":{},"parent":"61d8255b-01c3-4727-a967-cec067b1902a"},"a076a373-174a-45ea-b504-cef1adbef05a":{"enabled":true,"tags":[],"children":["65c50758-3499-42a2-8587-d9c2832153ae"],"position":[-0.795724,3.47277,1.10594],"rotation":[89.5628,-6.23509,-7.65222],"scale":[1,0.999999,1],"resource_id":"a076a373-174a-45ea-b504-cef1adbef05a","name":"Leg_FrontR","components":{},"parent":"71fbd93f-0691-4735-ab8b-074734346285"},"65c50758-3499-42a2-8587-d9c2832153ae":{"enabled":true,"tags":[],"children":["342b1c40-e93b-437c-ab89-a8ded3eb34e3","4616ff3f-dde9-4c9e-918d-c79e9c4a3c74"],"position":[-1.49012e-7,2.96077,-1.63913e-7],"rotation":[-0.265184,13.0592,-0.0498128],"scale":[1,0.999999,1],"resource_id":"65c50758-3499-42a2-8587-d9c2832153ae","name":"Knee_FrontR","components":{},"parent":"a076a373-174a-45ea-b504-cef1adbef05a"},"342b1c40-e93b-437c-ab89-a8ded3eb34e3":{"enabled":true,"tags":[],"children":["efc9992c-f984-4de8-8ba0-c16d6c7c9a84"],"position":[-2.23517e-8,2.39277,-9.68575e-8],"rotation":[-56.8596,-1.07038,-8.59116],"scale":[1,1,1],"resource_id":"342b1c40-e93b-437c-ab89-a8ded3eb34e3","name":"Bone.025","components":{},"parent":"65c50758-3499-42a2-8587-d9c2832153ae"},"efc9992c-f984-4de8-8ba0-c16d6c7c9a84":{"enabled":true,"tags":[],"children":[],"position":[0,1.88959,0],"rotation":[0,0,0],"scale":[1,1,1],"resource_id":"efc9992c-f984-4de8-8ba0-c16d6c7c9a84","name":"Bone.025_end","components":{},"parent":"342b1c40-e93b-437c-ab89-a8ded3eb34e3"},"4616ff3f-dde9-4c9e-918d-c79e9c4a3c74":{"enabled":true,"tags":[],"children":["b077ad01-826e-403d-8648-f1329edae313"],"position":[-2.23517e-8,2.39277,-9.68575e-8],"rotation":[112.087,-3.40211,-4.17452],"scale":[1,1,1],"resource_id":"4616ff3f-dde9-4c9e-918d-c79e9c4a3c74","name":"Bone.026","components":{},"parent":"65c50758-3499-42a2-8587-d9c2832153ae"},"b077ad01-826e-403d-8648-f1329edae313":{"enabled":true,"tags":[],"children":[],"position":[0,1.65829,0],"rotation":[0,0,0],"scale":[1,1,1],"resource_id":"b077ad01-826e-403d-8648-f1329edae313","name":"Bone.026_end","components":{},"parent":"4616ff3f-dde9-4c9e-918d-c79e9c4a3c74"},"ce0baada-0368-42b3-85e6-c626c973496b":{"enabled":true,"tags":[],"children":["d9e107a3-efbd-444a-8bfc-17d71e9f7b16"],"position":[-0.795724,1.83582,1.10604],"rotation":[163.432,-3.69893,-4.66729],"scale":[1,1,1],"resource_id":"ce0baada-0368-42b3-85e6-c626c973496b","name":"Leg_BackR","components":{},"parent":"e798c708-d4c9-4c37-9f3b-a7b82cfa618e"},"d9e107a3-efbd-444a-8bfc-17d71e9f7b16":{"enabled":true,"tags":[],"children":["78371239-3ceb-4a66-82f0-6ec873199438","e7ff2761-8fb2-40bc-80e1-81e9f7719398"],"position":[8.9407e-8,2.74109,3.98606e-7],"rotation":[-48.0322,8.56969,-9.01484],"scale":[1,1,1],"resource_id":"d9e107a3-efbd-444a-8bfc-17d71e9f7b16","name":"Bone.028","components":{},"parent":"ce0baada-0368-42b3-85e6-c626c973496b"},"78371239-3ceb-4a66-82f0-6ec873199438":{"enabled":true,"tags":[],"children":["4a548108-a24d-499d-9766-e7ebdc91fb34"],"position":[9.49949e-8,2.4264,1.19209e-7],"rotation":[-63.2904,-1.34473,-8.62993],"scale":[1,1,1],"resource_id":"78371239-3ceb-4a66-82f0-6ec873199438","name":"Bone.029","components":{},"parent":"d9e107a3-efbd-444a-8bfc-17d71e9f7b16"},"4a548108-a24d-499d-9766-e7ebdc91fb34":{"enabled":true,"tags":[],"children":[],"position":[0,2.06536,0],"rotation":[0,0,0],"scale":[1,1,1],"resource_id":"4a548108-a24d-499d-9766-e7ebdc91fb34","name":"Bone.029_end","components":{},"parent":"78371239-3ceb-4a66-82f0-6ec873199438"},"e7ff2761-8fb2-40bc-80e1-81e9f7719398":{"enabled":true,"tags":[],"children":["30d4dd80-a337-4bb4-8464-6bacfbaed170"],"position":[9.49949e-8,2.4264,1.19209e-7],"rotation":[103.73,-3.06,-3.97221],"scale":[1,1,1],"resource_id":"e7ff2761-8fb2-40bc-80e1-81e9f7719398","name":"Bone.030","components":{},"parent":"d9e107a3-efbd-444a-8bfc-17d71e9f7b16"},"30d4dd80-a337-4bb4-8464-6bacfbaed170":{"enabled":true,"tags":[],"children":[],"position":[0,1.4797,0],"rotation":[0,0,0],"scale":[1,1,1],"resource_id":"30d4dd80-a337-4bb4-8464-6bacfbaed170","name":"Bone.030_end","components":{},"parent":"e7ff2761-8fb2-40bc-80e1-81e9f7719398"},"3546257f-7da9-41c7-9a5c-35db010f8137":{"enabled":true,"tags":[],"children":["4f856e99-095a-44d3-bdea-314b89e6fb0e"],"position":[1.2899,3.24967,0.281066],"rotation":[0,-9.07285,0],"scale":[1,1,1],"resource_id":"3546257f-7da9-41c7-9a5c-35db010f8137","name":"Knee_BackL_IK","components":{},"parent":"d29446a3-9621-4ec3-a85f-c12390a60d7b"},"4f856e99-095a-44d3-bdea-314b89e6fb0e":{"enabled":true,"tags":[],"children":[],"position":[0,1.7,0],"rotation":[0,0,0],"scale":[1,1,1],"resource_id":"4f856e99-095a-44d3-bdea-314b89e6fb0e","name":"Knee_BackL_IK_end","components":{},"parent":"3546257f-7da9-41c7-9a5c-35db010f8137"},"1b085113-8de7-4e3b-b28b-6408b5aea40e":{"enabled":true,"tags":[],"children":["1caa96ed-c89c-4b0f-8422-b8810e600c01"],"position":[1.35019,-3.40546,0.315146],"rotation":[0,-8.55245,0],"scale":[1,1,1],"resource_id":"1b085113-8de7-4e3b-b28b-6408b5aea40e","name":"Knee_FrontL_IK","components":{},"parent":"d29446a3-9621-4ec3-a85f-c12390a60d7b"},"1caa96ed-c89c-4b0f-8422-b8810e600c01":{"enabled":true,"tags":[],"children":[],"position":[0,1.7,0],"rotation":[0,0,0],"scale":[1,1,1],"resource_id":"1caa96ed-c89c-4b0f-8422-b8810e600c01","name":"Knee_FrontL_IK_end","components":{},"parent":"1b085113-8de7-4e3b-b28b-6408b5aea40e"},"f4c2d3de-a521-4706-8259-db7a5040bfff":{"enabled":true,"tags":[],"children":["b1d7a4a7-252c-40b9-a84c-c98024c6dc6d"],"position":[-1.37819,-3.41846,0.307134],"rotation":[0,3.22587,0],"scale":[1,1,1],"resource_id":"f4c2d3de-a521-4706-8259-db7a5040bfff","name":"Knee_FrontR_IK","components":{},"parent":"d29446a3-9621-4ec3-a85f-c12390a60d7b"},"b1d7a4a7-252c-40b9-a84c-c98024c6dc6d":{"enabled":true,"tags":[],"children":[],"position":[0,1.7,0],"rotation":[0,0,0],"scale":[1,1,1],"resource_id":"b1d7a4a7-252c-40b9-a84c-c98024c6dc6d","name":"Knee_FrontR_IK_end","components":{},"parent":"f4c2d3de-a521-4706-8259-db7a5040bfff"},"d55f3b35-e1bf-4be6-983f-2ba55057f603":{"enabled":true,"tags":[],"children":["551828fc-75d9-4ad8-bf16-9fada284544f"],"position":[-1.29795,3.26223,0.293631],"rotation":[0,3.28684,0],"scale":[1,1,1],"resource_id":"d55f3b35-e1bf-4be6-983f-2ba55057f603","name":"Knee_BackR_IK","components":{},"parent":"d29446a3-9621-4ec3-a85f-c12390a60d7b"},"551828fc-75d9-4ad8-bf16-9fada284544f":{"enabled":true,"tags":[],"children":[],"position":[0,1.7,0],"rotation":[0,0,0],"scale":[1,1,1],"resource_id":"551828fc-75d9-4ad8-bf16-9fada284544f","name":"Knee_BackR_IK_end","components":{},"parent":"d55f3b35-e1bf-4be6-983f-2ba55057f603"}}}