{"entities":{"42edb590-ad08-44e6-945b-bf6c440af33d":{"name":"Chicko","tags":[],"enabled":true,"resource_id":"42edb590-ad08-44e6-945b-bf6c440af33d","parent":null,"children":["05cde3fb-7418-4b91-869f-72462371e248","1e2fcd69-b235-47f1-adcf-b60460a619bd","a3328176-3ebd-409a-87ef-a49a8b2e06b1"],"position":[-4.154180251952178,0,0],"rotation":[0,0,0],"scale":[0.01,0.01,0.01],"components":{"script":{"enabled":true,"order":["petController"],"scripts":{"petController":{"enabled":true,"attributes":{"petType":1,"nameEntity":"a3328176-3ebd-409a-87ef-a49a8b2e06b1"}}}},"anim":{"stateGraphAsset":141919849,"animationAssets":{"Base:Idle":{"asset":141986028},"Base:Walk":{"asset":141469296}},"enabled":true,"speed":1,"activate":true,"playing":false,"rootBone":null,"masks":{},"normalizeWeights":false}}},"05cde3fb-7418-4b91-869f-72462371e248":{"name":"lv1_pet","tags":[],"enabled":true,"resource_id":"05cde3fb-7418-4b91-869f-72462371e248","parent":"42edb590-ad08-44e6-945b-bf6c440af33d","children":[],"position":[1.25731,1.15694,-4.61159],"rotation":[-90,0,0],"scale":[62.9588,62.9588,62.9588],"components":{"render":{"enabled":true,"type":"asset","asset":141469301,"materialAssets":[130463311],"layers":[0],"batchGroupId":null,"castShadows":true,"castShadowsLightmap":true,"receiveShadows":true,"lightmapped":false,"lightmapSizeMultiplier":1,"castShadowsLightMap":true,"lightMapped":false,"lightMapSizeMultiplier":1,"isStatic":false,"rootBone":"1e2fcd69-b235-47f1-adcf-b60460a619bd"}}},"1e2fcd69-b235-47f1-adcf-b60460a619bd":{"name":"armt_lv1_pet","tags":[],"enabled":true,"resource_id":"1e2fcd69-b235-47f1-adcf-b60460a619bd","parent":"42edb590-ad08-44e6-945b-bf6c440af33d","children":["d46707e9-d66e-40ef-84c4-4c87e04b42b2","2900086e-2977-45f1-9b10-6712d194b612"],"position":[0,0,0],"rotation":[-90,0,0],"scale":[100,100,100],"components":{}},"d46707e9-d66e-40ef-84c4-4c87e04b42b2":{"name":"Body","tags":[],"enabled":true,"resource_id":"d46707e9-d66e-40ef-84c4-4c87e04b42b2","parent":"1e2fcd69-b235-47f1-adcf-b60460a619bd","children":["bd800cfb-1bc7-4146-9cf5-e255f09fc0ab"],"position":[0,-0.041898,-0.0232766],"rotation":[90,0,0],"scale":[1,1,1],"components":{}},"bd800cfb-1bc7-4146-9cf5-e255f09fc0ab":{"name":"Body_end","tags":[],"enabled":true,"resource_id":"bd800cfb-1bc7-4146-9cf5-e255f09fc0ab","parent":"d46707e9-d66e-40ef-84c4-4c87e04b42b2","children":[],"position":[0,0.417008,0],"rotation":[0,0,0],"scale":[1,1,1],"components":{}},"2900086e-2977-45f1-9b10-6712d194b612":{"name":"Head","tags":[],"enabled":true,"resource_id":"2900086e-2977-45f1-9b10-6712d194b612","parent":"1e2fcd69-b235-47f1-adcf-b60460a619bd","children":["05a5b1d7-0232-495c-828d-7d0404d9d167"],"position":[0,-0.0418979,0.404053],"rotation":[90,0,0],"scale":[1,1,1],"components":{}},"05a5b1d7-0232-495c-828d-7d0404d9d167":{"name":"Head2","tags":[],"enabled":true,"resource_id":"05a5b1d7-0232-495c-828d-7d0404d9d167","parent":"2900086e-2977-45f1-9b10-6712d194b612","children":["b602b774-6879-4537-9425-af4c62c15ecf"],"position":[0,0.410444,2.44911e-9],"rotation":[12.799,0.000013321,0.0000030262],"scale":[1,1,1],"components":{}},"b602b774-6879-4537-9425-af4c62c15ecf":{"name":"Head3","tags":[],"enabled":true,"resource_id":"b602b774-6879-4537-9425-af4c62c15ecf","parent":"05a5b1d7-0232-495c-828d-7d0404d9d167","children":["1e4b8fce-0748-44e8-bddc-558a727464dc"],"position":[3.55271e-15,0.403475,0],"rotation":[0.0840596,0.000416565,-0.302528],"scale":[1,1,1],"components":{}},"1e4b8fce-0748-44e8-bddc-558a727464dc":{"name":"Head3_end","tags":[],"enabled":true,"resource_id":"1e4b8fce-0748-44e8-bddc-558a727464dc","parent":"b602b774-6879-4537-9425-af4c62c15ecf","children":[],"position":[0,0.576275,0],"rotation":[0,0,0],"scale":[1,1,1],"components":{}},"a3328176-3ebd-409a-87ef-a49a8b2e06b1":{"name":"name","tags":[],"enabled":true,"resource_id":"a3328176-3ebd-409a-87ef-a49a8b2e06b1","parent":"42edb590-ad08-44e6-945b-bf6c440af33d","children":[],"position":[-0.0000057220458984375,244.07391639194452,0],"rotation":[-4.471890957984281e-12,-53.81988365884219,5.524481758314108e-12],"scale":[1,1,1],"components":{"element":{"enabled":true,"type":"text","anchor":[0.5,0.5,0.5,0.5],"pivot":[0.5,0.5],"text":"petname","key":null,"fontAsset":130067484,"fontSize":50,"minFontSize":8,"maxFontSize":32,"autoFitWidth":false,"autoFitHeight":false,"maxLines":null,"lineHeight":46.23,"wrapLines":true,"spacing":1.2,"color":[1,1,1],"opacity":1,"textureAsset":null,"spriteAsset":null,"spriteFrame":0,"pixelsPerUnit":null,"width":242.76,"height":53.3,"margin":[-121.38,217.424,-121.38,-270.724],"alignment":[0.5,0.5],"outlineColor":[0.16470588235294117,0.13333333333333333,0,1],"outlineThickness":1,"shadowColor":[0,0,0,1],"shadowOffset":[0,0],"rect":[0,0,1,1],"materialAsset":null,"autoWidth":true,"autoHeight":true,"fitMode":"stretch","useInput":false,"batchGroupId":null,"mask":false,"layers":[0],"enableMarkup":false},"script":{"enabled":true,"order":["lookAtcamera"],"scripts":{"lookAtcamera":{"enabled":true,"attributes":{"angle":[180,0,180],"isYLocked":false}}}}}}}}