{"entities":{"b6a69547-7b95-4e50-b816-a891cac1bd2b":{"name":"14 Firebat","tags":[],"enabled":true,"resource_id":"b6a69547-7b95-4e50-b816-a891cac1bd2b","parent":null,"children":["263191c9-8a89-4227-a455-c634cf36ff5e","e844a5c0-73a2-4c46-bc19-e70ab34b4532","8a36d215-e55c-47f4-99b2-2ee4206ed7c2"],"position":[11.802644631010992,-2.7946064472198486,-2.41821074399099],"rotation":[0,0,0],"scale":[0.01,0.01,0.01],"components":{"script":{"enabled":true,"order":["petController"],"scripts":{"petController":{"enabled":true,"attributes":{"petType":13,"nameEntity":"8a36d215-e55c-47f4-99b2-2ee4206ed7c2"}}}},"anim":{"stateGraphAsset":141919849,"animationAssets":{"Base:Idle":{"asset":141986028},"Base:Walk":{"asset":141469296}},"enabled":true,"speed":1,"activate":true,"playing":false,"rootBone":null,"masks":{},"normalizeWeights":false}}},"263191c9-8a89-4227-a455-c634cf36ff5e":{"name":"lv1_pet","tags":[],"enabled":true,"resource_id":"263191c9-8a89-4227-a455-c634cf36ff5e","parent":"b6a69547-7b95-4e50-b816-a891cac1bd2b","children":[],"position":[1.25731,1.15694,-4.61159],"rotation":[-90,0,0],"scale":[62.9588,62.9588,62.9588],"components":{"render":{"enabled":true,"type":"asset","asset":142127068,"materialAssets":[130463311],"layers":[0],"batchGroupId":null,"castShadows":false,"castShadowsLightmap":false,"receiveShadows":false,"lightmapped":false,"lightmapSizeMultiplier":1,"castShadowsLightMap":true,"lightMapped":false,"lightMapSizeMultiplier":1,"isStatic":false,"rootBone":"e844a5c0-73a2-4c46-bc19-e70ab34b4532"}}},"e844a5c0-73a2-4c46-bc19-e70ab34b4532":{"name":"armt_lv1_pet","tags":[],"enabled":true,"resource_id":"e844a5c0-73a2-4c46-bc19-e70ab34b4532","parent":"b6a69547-7b95-4e50-b816-a891cac1bd2b","children":["847d5c29-7ea1-4c65-b064-5fbc975046e1","23176436-addc-4510-86c2-fbe081fd7616"],"position":[0,0,0],"rotation":[-90,0,0],"scale":[100,100,100],"components":{}},"847d5c29-7ea1-4c65-b064-5fbc975046e1":{"name":"Body","tags":[],"enabled":true,"resource_id":"847d5c29-7ea1-4c65-b064-5fbc975046e1","parent":"e844a5c0-73a2-4c46-bc19-e70ab34b4532","children":["6ed5df38-f136-4d75-9aab-73654c136280"],"position":[0,-0.041898,-0.0232766],"rotation":[90,0,0],"scale":[1,1,1],"components":{}},"6ed5df38-f136-4d75-9aab-73654c136280":{"name":"Body_end","tags":[],"enabled":true,"resource_id":"6ed5df38-f136-4d75-9aab-73654c136280","parent":"847d5c29-7ea1-4c65-b064-5fbc975046e1","children":[],"position":[0,0.417008,0],"rotation":[0,0,0],"scale":[1,1,1],"components":{}},"23176436-addc-4510-86c2-fbe081fd7616":{"name":"Head","tags":[],"enabled":true,"resource_id":"23176436-addc-4510-86c2-fbe081fd7616","parent":"e844a5c0-73a2-4c46-bc19-e70ab34b4532","children":["d7674cad-fa1c-42a0-b156-7fd449cc5f8e"],"position":[0,-0.0418979,0.404053],"rotation":[90,0,0],"scale":[1,1,1],"components":{}},"d7674cad-fa1c-42a0-b156-7fd449cc5f8e":{"name":"Head2","tags":[],"enabled":true,"resource_id":"d7674cad-fa1c-42a0-b156-7fd449cc5f8e","parent":"23176436-addc-4510-86c2-fbe081fd7616","children":["9594b2cf-63cc-49cd-8884-d3f54110fc34"],"position":[0,0.410444,2.44911e-9],"rotation":[12.799,0.000013321,0.0000030262],"scale":[1,1,1],"components":{}},"9594b2cf-63cc-49cd-8884-d3f54110fc34":{"name":"Head3","tags":[],"enabled":true,"resource_id":"9594b2cf-63cc-49cd-8884-d3f54110fc34","parent":"d7674cad-fa1c-42a0-b156-7fd449cc5f8e","children":["1223b6d7-f06f-45c8-bc03-1ad5f2376d30"],"position":[3.55271e-15,0.403475,0],"rotation":[0.0840596,0.000416565,-0.302528],"scale":[1,1,1],"components":{}},"1223b6d7-f06f-45c8-bc03-1ad5f2376d30":{"name":"Head3_end","tags":[],"enabled":true,"resource_id":"1223b6d7-f06f-45c8-bc03-1ad5f2376d30","parent":"9594b2cf-63cc-49cd-8884-d3f54110fc34","children":[],"position":[0,0.576275,0],"rotation":[0,0,0],"scale":[1,1,1],"components":{}},"8a36d215-e55c-47f4-99b2-2ee4206ed7c2":{"name":"name","tags":[],"enabled":true,"resource_id":"8a36d215-e55c-47f4-99b2-2ee4206ed7c2","parent":"b6a69547-7b95-4e50-b816-a891cac1bd2b","children":[],"position":[-0.0000057220458984375,244.07391639194452,0],"rotation":[-4.471890957984281e-12,-53.81988365884219,5.524481758314108e-12],"scale":[1,1,1],"components":{"element":{"enabled":true,"type":"text","anchor":[0.5,0.5,0.5,0.5],"pivot":[0.5,0.5],"text":"petname","key":null,"fontAsset":130067484,"fontSize":50,"minFontSize":8,"maxFontSize":32,"autoFitWidth":false,"autoFitHeight":false,"maxLines":null,"lineHeight":46.23,"wrapLines":true,"spacing":1.2,"color":[1,1,1],"opacity":1,"textureAsset":null,"spriteAsset":null,"spriteFrame":0,"pixelsPerUnit":null,"width":242.76,"height":53.3,"margin":[-121.3800057220459,217.42391639194452,-121.3799942779541,-270.7239163919445],"alignment":[0.5,0.5],"outlineColor":[0.16470588235294117,0.13333333333333333,0,1],"outlineThickness":1,"shadowColor":[0,0,0,1],"shadowOffset":[0,0],"rect":[0,0,1,1],"materialAsset":null,"autoWidth":true,"autoHeight":true,"fitMode":"stretch","useInput":false,"batchGroupId":null,"mask":false,"layers":[0],"enableMarkup":false},"script":{"enabled":true,"order":["lookAtcamera"],"scripts":{"lookAtcamera":{"enabled":true,"attributes":{"angle":[180,0,180],"isYLocked":false}}}}}}}}