{"entities":{"f3d17db1-ba7e-49c7-8eb7-af309fdae962":{"name":"Peppy","tags":[],"enabled":true,"resource_id":"f3d17db1-ba7e-49c7-8eb7-af309fdae962","parent":null,"children":["f3833cac-7016-4707-b409-6daffb838821","f408ccab-8911-49c5-8383-3593d04139c6","db4f4a7c-1474-4027-ad35-34f8f0d1fa99","411f63a8-c527-4072-91c9-29bf8078efb8"],"position":[6.214361653417051,0,0],"rotation":[0,0,0],"scale":[0.01,0.01,0.01],"components":{"script":{"enabled":true,"order":["petController"],"scripts":{"petController":{"enabled":true,"attributes":{"petType":2,"nameEntity":"db4f4a7c-1474-4027-ad35-34f8f0d1fa99"}}}},"anim":{"stateGraphAsset":141919849,"animationAssets":{"Base:Idle":{"asset":141986028},"Base:Walk":{"asset":141469296}},"enabled":true,"speed":1,"activate":true,"playing":false,"rootBone":null,"masks":{},"normalizeWeights":false}}},"f3833cac-7016-4707-b409-6daffb838821":{"name":"armt_lv1_pet","tags":[],"enabled":true,"resource_id":"f3833cac-7016-4707-b409-6daffb838821","parent":"f3d17db1-ba7e-49c7-8eb7-af309fdae962","children":["51f4386a-f002-4b1f-90ca-3d7be40fe957","9223951b-a80a-4ac8-935b-3ccbe194bc8d"],"position":[0,0,0],"rotation":[-90,0,0],"scale":[100,100,100],"components":{}},"51f4386a-f002-4b1f-90ca-3d7be40fe957":{"name":"Body","tags":[],"enabled":true,"resource_id":"51f4386a-f002-4b1f-90ca-3d7be40fe957","parent":"f3833cac-7016-4707-b409-6daffb838821","children":["99ace19b-ae15-4f05-8f29-9c77a3130fe3"],"position":[0,-0.041898,-0.0232766],"rotation":[90,0,0],"scale":[1,1,1],"components":{}},"99ace19b-ae15-4f05-8f29-9c77a3130fe3":{"name":"Body_end","tags":[],"enabled":true,"resource_id":"99ace19b-ae15-4f05-8f29-9c77a3130fe3","parent":"51f4386a-f002-4b1f-90ca-3d7be40fe957","children":[],"position":[0,0.417008,0],"rotation":[0,0,0],"scale":[1,1,1],"components":{}},"9223951b-a80a-4ac8-935b-3ccbe194bc8d":{"name":"Head","tags":[],"enabled":true,"resource_id":"9223951b-a80a-4ac8-935b-3ccbe194bc8d","parent":"f3833cac-7016-4707-b409-6daffb838821","children":["0e30aa07-e160-492f-9278-d4deb8c6a18e"],"position":[0,-0.0418979,0.404053],"rotation":[90,0,0],"scale":[1,1,1],"components":{}},"0e30aa07-e160-492f-9278-d4deb8c6a18e":{"name":"Head2","tags":[],"enabled":true,"resource_id":"0e30aa07-e160-492f-9278-d4deb8c6a18e","parent":"9223951b-a80a-4ac8-935b-3ccbe194bc8d","children":["c6ec4606-eff7-450a-96d1-fb9fb9fa9585"],"position":[0,0.410444,2.44911e-9],"rotation":[12.799,0.000013321,0.0000030262],"scale":[1,1,1],"components":{}},"c6ec4606-eff7-450a-96d1-fb9fb9fa9585":{"name":"Head3","tags":[],"enabled":true,"resource_id":"c6ec4606-eff7-450a-96d1-fb9fb9fa9585","parent":"0e30aa07-e160-492f-9278-d4deb8c6a18e","children":["343dd3f5-7a50-4b23-b2ed-021168778180"],"position":[3.55271e-15,0.403475,0],"rotation":[0.0840596,0.000416565,-0.302528],"scale":[1,1,1],"components":{}},"343dd3f5-7a50-4b23-b2ed-021168778180":{"name":"Head3_end","tags":[],"enabled":true,"resource_id":"343dd3f5-7a50-4b23-b2ed-021168778180","parent":"c6ec4606-eff7-450a-96d1-fb9fb9fa9585","children":[],"position":[0,0.576275,0],"rotation":[0,0,0],"scale":[1,1,1],"components":{}},"f408ccab-8911-49c5-8383-3593d04139c6":{"name":"lv1_pet_3","tags":[],"enabled":true,"resource_id":"f408ccab-8911-49c5-8383-3593d04139c6","parent":"f3d17db1-ba7e-49c7-8eb7-af309fdae962","children":[],"position":[1.25731,1.15694,-4.61159],"rotation":[-90,0,0],"scale":[62.9588,62.9588,62.9588],"components":{"render":{"enabled":true,"type":"asset","asset":141469303,"materialAssets":[130463311],"layers":[0],"batchGroupId":null,"castShadows":true,"castShadowsLightmap":true,"receiveShadows":true,"lightmapped":false,"lightmapSizeMultiplier":1,"castShadowsLightMap":true,"lightMapped":false,"lightMapSizeMultiplier":1,"isStatic":false,"rootBone":"f3833cac-7016-4707-b409-6daffb838821"}}},"db4f4a7c-1474-4027-ad35-34f8f0d1fa99":{"name":"name","tags":[],"enabled":true,"resource_id":"db4f4a7c-1474-4027-ad35-34f8f0d1fa99","parent":"f3d17db1-ba7e-49c7-8eb7-af309fdae962","children":[],"position":[-0.0000057220458984375,244.07391639194452,0],"rotation":[-4.471890957984281e-12,-53.81988365884219,5.524481758314108e-12],"scale":[1,1,1],"components":{"element":{"enabled":true,"type":"text","anchor":[0.5,0.5,0.5,0.5],"pivot":[0.5,0.5],"text":"petname","key":null,"fontAsset":130067484,"fontSize":50,"minFontSize":8,"maxFontSize":32,"autoFitWidth":false,"autoFitHeight":false,"maxLines":null,"lineHeight":46.23,"wrapLines":true,"spacing":1.2,"color":[1,1,1],"opacity":1,"textureAsset":null,"spriteAsset":null,"spriteFrame":0,"pixelsPerUnit":null,"width":242.76,"height":53.3,"margin":[-121.3800057220459,217.42391639194452,-121.3799942779541,-270.7239163919445],"alignment":[0.5,0.5],"outlineColor":[0.16470588235294117,0.13333333333333333,0,1],"outlineThickness":1,"shadowColor":[0,0,0,1],"shadowOffset":[0,0],"rect":[0,0,1,1],"materialAsset":null,"autoWidth":true,"autoHeight":true,"fitMode":"stretch","useInput":false,"batchGroupId":null,"mask":false,"layers":[0],"enableMarkup":false},"script":{"enabled":true,"order":["lookAtcamera"],"scripts":{"lookAtcamera":{"enabled":true,"attributes":{"angle":[180,0,180],"isYLocked":false}}}}}},"411f63a8-c527-4072-91c9-29bf8078efb8":{"name":"Trail","tags":[],"enabled":true,"resource_id":"411f63a8-c527-4072-91c9-29bf8078efb8","parent":"f3d17db1-ba7e-49c7-8eb7-af309fdae962","children":[],"position":[0.0000095367431640625,58.605122566223145,-11.343786349009418],"rotation":[0,0,0],"scale":[1,1,1],"components":{"script":{"enabled":true,"order":["trail"],"scripts":{"trail":{"enabled":true,"attributes":{"color":[1,0.9568627450980393,0],"radius":0.5,"lifetime":1.2,"trailfadeness":2,"opacityFactor":0.8}}}}}}}}