{"entities":{"7fc32758-d214-4fb7-acdc-38373a7b67a5":{"name":"Blue Axolotl","tags":[],"enabled":true,"resource_id":"7fc32758-d214-4fb7-acdc-38373a7b67a5","parent":null,"children":["06473061-1cda-4fe2-9806-01b90b3faecf","0ddee098-af50-487e-8779-a387a9d9c25e","f79a7486-4c47-4dec-907e-23328c7ba205","4d9d9a4a-4c31-4928-ab9e-ce93be6722cb"],"position":[-12.800408410185298,-2.794606447219848,72.9028781232711],"rotation":[0,0,0],"scale":[0.01,0.01,0.01],"components":{"script":{"enabled":true,"order":["petController"],"scripts":{"petController":{"enabled":true,"attributes":{"petType":5,"nameEntity":"f79a7486-4c47-4dec-907e-23328c7ba205"}}}},"anim":{"stateGraphAsset":141919849,"animationAssets":{"Base:Idle":{"asset":141986028},"Base:Walk":{"asset":141469296}},"enabled":true,"speed":1,"activate":true,"playing":false,"rootBone":null,"masks":{},"normalizeWeights":false}}},"06473061-1cda-4fe2-9806-01b90b3faecf":{"name":"lv1_pet","tags":[],"enabled":true,"resource_id":"06473061-1cda-4fe2-9806-01b90b3faecf","parent":"7fc32758-d214-4fb7-acdc-38373a7b67a5","children":[],"position":[1.25731,1.15694,-4.61159],"rotation":[-90,0,0],"scale":[62.9588,62.9588,62.9588],"components":{"render":{"enabled":true,"type":"asset","asset":142114882,"materialAssets":[130463311],"layers":[0],"batchGroupId":null,"castShadows":true,"castShadowsLightmap":true,"receiveShadows":true,"lightmapped":false,"lightmapSizeMultiplier":1,"castShadowsLightMap":true,"lightMapped":false,"lightMapSizeMultiplier":1,"isStatic":false,"rootBone":"0ddee098-af50-487e-8779-a387a9d9c25e"}}},"0ddee098-af50-487e-8779-a387a9d9c25e":{"name":"armt_lv1_pet","tags":[],"enabled":true,"resource_id":"0ddee098-af50-487e-8779-a387a9d9c25e","parent":"7fc32758-d214-4fb7-acdc-38373a7b67a5","children":["9f3c1ce2-c572-481a-aa82-25eed4d79372","dfa893b2-e268-47db-9105-a8b880f0dbb6"],"position":[0,0,0],"rotation":[-90,0,0],"scale":[100,100,100],"components":{}},"9f3c1ce2-c572-481a-aa82-25eed4d79372":{"name":"Body","tags":[],"enabled":true,"resource_id":"9f3c1ce2-c572-481a-aa82-25eed4d79372","parent":"0ddee098-af50-487e-8779-a387a9d9c25e","children":["8b381706-38ab-418e-a27f-2799c6022950"],"position":[0,-0.041898,-0.0232766],"rotation":[90,0,0],"scale":[1,1,1],"components":{}},"8b381706-38ab-418e-a27f-2799c6022950":{"name":"Body_end","tags":[],"enabled":true,"resource_id":"8b381706-38ab-418e-a27f-2799c6022950","parent":"9f3c1ce2-c572-481a-aa82-25eed4d79372","children":[],"position":[0,0.417008,0],"rotation":[0,0,0],"scale":[1,1,1],"components":{}},"dfa893b2-e268-47db-9105-a8b880f0dbb6":{"name":"Head","tags":[],"enabled":true,"resource_id":"dfa893b2-e268-47db-9105-a8b880f0dbb6","parent":"0ddee098-af50-487e-8779-a387a9d9c25e","children":["3d282649-74bf-4764-8d94-3710ecaa10ad"],"position":[0,-0.0418979,0.404053],"rotation":[90,0,0],"scale":[1,1,1],"components":{}},"3d282649-74bf-4764-8d94-3710ecaa10ad":{"name":"Head2","tags":[],"enabled":true,"resource_id":"3d282649-74bf-4764-8d94-3710ecaa10ad","parent":"dfa893b2-e268-47db-9105-a8b880f0dbb6","children":["db36e82b-8ebb-4a81-8947-28ea5aef9a68"],"position":[0,0.410444,2.44911e-9],"rotation":[12.799,0.000013321,0.0000030262],"scale":[1,1,1],"components":{}},"db36e82b-8ebb-4a81-8947-28ea5aef9a68":{"name":"Head3","tags":[],"enabled":true,"resource_id":"db36e82b-8ebb-4a81-8947-28ea5aef9a68","parent":"3d282649-74bf-4764-8d94-3710ecaa10ad","children":["6ee5b2c8-7823-4338-935f-49850fc86e94"],"position":[3.55271e-15,0.403475,0],"rotation":[0.0840596,0.000416565,-0.302528],"scale":[1,1,1],"components":{}},"6ee5b2c8-7823-4338-935f-49850fc86e94":{"name":"Head3_end","tags":[],"enabled":true,"resource_id":"6ee5b2c8-7823-4338-935f-49850fc86e94","parent":"db36e82b-8ebb-4a81-8947-28ea5aef9a68","children":[],"position":[0,0.576275,0],"rotation":[0,0,0],"scale":[1,1,1],"components":{}},"f79a7486-4c47-4dec-907e-23328c7ba205":{"name":"name","tags":[],"enabled":true,"resource_id":"f79a7486-4c47-4dec-907e-23328c7ba205","parent":"7fc32758-d214-4fb7-acdc-38373a7b67a5","children":[],"position":[-0.0000057220458984375,244.07391639194452,0],"rotation":[-4.471890957984281e-12,-53.81988365884219,5.524481758314108e-12],"scale":[1,1,1],"components":{"element":{"enabled":true,"type":"text","anchor":[0.5,0.5,0.5,0.5],"pivot":[0.5,0.5],"text":"petname","key":null,"fontAsset":130067484,"fontSize":50,"minFontSize":8,"maxFontSize":32,"autoFitWidth":false,"autoFitHeight":false,"maxLines":null,"lineHeight":46.23,"wrapLines":true,"spacing":1.2,"color":[1,1,1],"opacity":1,"textureAsset":null,"spriteAsset":null,"spriteFrame":0,"pixelsPerUnit":null,"width":242.76,"height":53.3,"margin":[-121.38,217.424,-121.38,-270.724],"alignment":[0.5,0.5],"outlineColor":[0.16470588235294117,0.13333333333333333,0,1],"outlineThickness":1,"shadowColor":[0,0,0,1],"shadowOffset":[0,0],"rect":[0,0,1,1],"materialAsset":null,"autoWidth":true,"autoHeight":true,"fitMode":"stretch","useInput":false,"batchGroupId":null,"mask":false,"layers":[0],"enableMarkup":false},"script":{"enabled":true,"order":["lookAtcamera"],"scripts":{"lookAtcamera":{"enabled":true,"attributes":{"angle":[180,0,180],"isYLocked":false}}}}}},"4d9d9a4a-4c31-4928-ab9e-ce93be6722cb":{"name":"Trail","tags":[],"enabled":true,"resource_id":"4d9d9a4a-4c31-4928-ab9e-ce93be6722cb","parent":"7fc32758-d214-4fb7-acdc-38373a7b67a5","children":[],"position":[0.0000095367431640625,58.605122566223145,-11.343786349009418],"rotation":[0,0,0],"scale":[1,1,1],"components":{"script":{"enabled":true,"order":["trail"],"scripts":{"trail":{"enabled":true,"attributes":{"color":[0,0.6235294117647059,1],"radius":0.5,"lifetime":1.2,"trailfadeness":2,"opacityFactor":0.8}}}}}}}}