{"entities":{"1a251c14-51ff-4e19-a618-1a2dd45d938f":{"name":"10 Scorp","tags":[],"enabled":true,"resource_id":"1a251c14-51ff-4e19-a618-1a2dd45d938f","parent":null,"children":["562fa62e-c178-400a-97e0-67005537364f","71c4a2d4-ab6d-49d5-bcf1-d2129965a262","0e1ff038-3ee9-449e-b740-b35884ce2911"],"position":[0,0,0],"rotation":[0,0,0],"scale":[0.01,0.01,0.01],"components":{"script":{"enabled":true,"order":["petController"],"scripts":{"petController":{"enabled":true,"attributes":{"petType":9,"nameEntity":"0e1ff038-3ee9-449e-b740-b35884ce2911"}}}},"anim":{"stateGraphAsset":141919849,"animationAssets":{"Base:Idle":{"asset":141986028},"Base:Walk":{"asset":141469296}},"enabled":true,"speed":1,"activate":true,"playing":false,"rootBone":null,"masks":{},"normalizeWeights":false}}},"562fa62e-c178-400a-97e0-67005537364f":{"name":"lv1_pet","tags":[],"enabled":true,"resource_id":"562fa62e-c178-400a-97e0-67005537364f","parent":"1a251c14-51ff-4e19-a618-1a2dd45d938f","children":[],"position":[1.25731,1.15694,-4.61159],"rotation":[-90,0,0],"scale":[62.9588,62.9588,62.9588],"components":{"render":{"enabled":true,"type":"asset","asset":142120883,"materialAssets":[130463311],"layers":[0],"batchGroupId":null,"castShadows":false,"castShadowsLightmap":false,"receiveShadows":false,"lightmapped":false,"lightmapSizeMultiplier":1,"castShadowsLightMap":true,"lightMapped":false,"lightMapSizeMultiplier":1,"isStatic":false,"rootBone":"71c4a2d4-ab6d-49d5-bcf1-d2129965a262"}}},"71c4a2d4-ab6d-49d5-bcf1-d2129965a262":{"name":"armt_lv1_pet","tags":[],"enabled":true,"resource_id":"71c4a2d4-ab6d-49d5-bcf1-d2129965a262","parent":"1a251c14-51ff-4e19-a618-1a2dd45d938f","children":["afa14846-e4f3-42a8-b3fb-b23682c69a7b","b429de3a-5850-48ed-8f60-5e351bf6f138"],"position":[0,0,0],"rotation":[-90,0,0],"scale":[100,100,100],"components":{}},"afa14846-e4f3-42a8-b3fb-b23682c69a7b":{"name":"Body","tags":[],"enabled":true,"resource_id":"afa14846-e4f3-42a8-b3fb-b23682c69a7b","parent":"71c4a2d4-ab6d-49d5-bcf1-d2129965a262","children":["d94d0f20-4ad4-4321-9d42-46c98346a48a"],"position":[0,-0.041898,-0.0232766],"rotation":[90,0,0],"scale":[1,1,1],"components":{}},"d94d0f20-4ad4-4321-9d42-46c98346a48a":{"name":"Body_end","tags":[],"enabled":true,"resource_id":"d94d0f20-4ad4-4321-9d42-46c98346a48a","parent":"afa14846-e4f3-42a8-b3fb-b23682c69a7b","children":[],"position":[0,0.417008,0],"rotation":[0,0,0],"scale":[1,1,1],"components":{}},"b429de3a-5850-48ed-8f60-5e351bf6f138":{"name":"Head","tags":[],"enabled":true,"resource_id":"b429de3a-5850-48ed-8f60-5e351bf6f138","parent":"71c4a2d4-ab6d-49d5-bcf1-d2129965a262","children":["f895d245-9c98-4723-9c73-403534373cc8"],"position":[0,-0.0418979,0.404053],"rotation":[90,0,0],"scale":[1,1,1],"components":{}},"f895d245-9c98-4723-9c73-403534373cc8":{"name":"Head2","tags":[],"enabled":true,"resource_id":"f895d245-9c98-4723-9c73-403534373cc8","parent":"b429de3a-5850-48ed-8f60-5e351bf6f138","children":["93f58b29-f20e-49e4-9bbe-baa73a4c83fc"],"position":[0,0.410444,2.44911e-9],"rotation":[12.799,0.000013321,0.0000030262],"scale":[1,1,1],"components":{}},"93f58b29-f20e-49e4-9bbe-baa73a4c83fc":{"name":"Head3","tags":[],"enabled":true,"resource_id":"93f58b29-f20e-49e4-9bbe-baa73a4c83fc","parent":"f895d245-9c98-4723-9c73-403534373cc8","children":["2723fab9-ec17-4541-9f68-0b920c299487"],"position":[3.55271e-15,0.403475,0],"rotation":[0.0840596,0.000416565,-0.302528],"scale":[1,1,1],"components":{}},"2723fab9-ec17-4541-9f68-0b920c299487":{"name":"Head3_end","tags":[],"enabled":true,"resource_id":"2723fab9-ec17-4541-9f68-0b920c299487","parent":"93f58b29-f20e-49e4-9bbe-baa73a4c83fc","children":[],"position":[0,0.576275,0],"rotation":[0,0,0],"scale":[1,1,1],"components":{}},"0e1ff038-3ee9-449e-b740-b35884ce2911":{"name":"name","tags":[],"enabled":true,"resource_id":"0e1ff038-3ee9-449e-b740-b35884ce2911","parent":"1a251c14-51ff-4e19-a618-1a2dd45d938f","children":[],"position":[-0.0000057220458984375,244.07391639194452,0],"rotation":[-4.471890957984281e-12,-53.81988365884219,5.524481758314108e-12],"scale":[1,1,1],"components":{"element":{"enabled":true,"type":"text","anchor":[0.5,0.5,0.5,0.5],"pivot":[0.5,0.5],"text":"petname","key":null,"fontAsset":130067484,"fontSize":50,"minFontSize":8,"maxFontSize":32,"autoFitWidth":false,"autoFitHeight":false,"maxLines":null,"lineHeight":46.23,"wrapLines":true,"spacing":1.2,"color":[1,1,1],"opacity":1,"textureAsset":null,"spriteAsset":null,"spriteFrame":0,"pixelsPerUnit":null,"width":242.76,"height":53.3,"margin":[-121.38,217.424,-121.38,-270.724],"alignment":[0.5,0.5],"outlineColor":[0.16470588235294117,0.13333333333333333,0,1],"outlineThickness":1,"shadowColor":[0,0,0,1],"shadowOffset":[0,0],"rect":[0,0,1,1],"materialAsset":null,"autoWidth":true,"autoHeight":true,"fitMode":"stretch","useInput":false,"batchGroupId":null,"mask":false,"layers":[0],"enableMarkup":false},"script":{"enabled":true,"order":["lookAtcamera"],"scripts":{"lookAtcamera":{"enabled":true,"attributes":{"angle":[180,0,180],"isYLocked":false}}}}}}}}