{"entities":{"4f9f0291-b122-41de-a876-a0867f0cbbe2":{"name":"Piggy","tags":[],"enabled":true,"resource_id":"4f9f0291-b122-41de-a876-a0867f0cbbe2","parent":null,"children":["59648fab-40df-4474-811f-6d6535b085a2","1d6544dd-0933-434d-9b37-38b486fbfacf","0b25d14c-ee68-43ac-a661-9942051b00bd"],"position":[0,0,0],"rotation":[0,0,0],"scale":[0.01,0.01,0.01],"components":{"script":{"enabled":true,"order":["petController"],"scripts":{"petController":{"enabled":true,"attributes":{"petType":0,"nameEntity":"0b25d14c-ee68-43ac-a661-9942051b00bd"}}}},"anim":{"stateGraphAsset":141919849,"animationAssets":{"Base:Idle":{"asset":141986028},"Base:Walk":{"asset":141469296}},"enabled":true,"speed":1,"activate":true,"playing":false,"rootBone":null,"masks":{},"normalizeWeights":false}}},"59648fab-40df-4474-811f-6d6535b085a2":{"name":"armt_lv1_pet","tags":[],"enabled":true,"resource_id":"59648fab-40df-4474-811f-6d6535b085a2","parent":"4f9f0291-b122-41de-a876-a0867f0cbbe2","children":["73c53442-d312-420e-92ae-12eec7cbd749","8dae5435-06d6-4274-a52b-bdb03c88076e"],"position":[0,0,0],"rotation":[-90,0,0],"scale":[100,100,100],"components":{}},"73c53442-d312-420e-92ae-12eec7cbd749":{"name":"Body","tags":[],"enabled":true,"resource_id":"73c53442-d312-420e-92ae-12eec7cbd749","parent":"59648fab-40df-4474-811f-6d6535b085a2","children":["3000a872-f8c8-4c05-82fb-64d4a85ba1e8"],"position":[0,-0.041898,-0.0232766],"rotation":[90,0,0],"scale":[1,1,1],"components":{}},"3000a872-f8c8-4c05-82fb-64d4a85ba1e8":{"name":"Body_end","tags":[],"enabled":true,"resource_id":"3000a872-f8c8-4c05-82fb-64d4a85ba1e8","parent":"73c53442-d312-420e-92ae-12eec7cbd749","children":[],"position":[0,0.417008,0],"rotation":[0,0,0],"scale":[1,1,1],"components":{}},"8dae5435-06d6-4274-a52b-bdb03c88076e":{"name":"Head","tags":[],"enabled":true,"resource_id":"8dae5435-06d6-4274-a52b-bdb03c88076e","parent":"59648fab-40df-4474-811f-6d6535b085a2","children":["ce33b40d-c34e-4a2e-8238-af2478390120"],"position":[0,-0.0418979,0.404053],"rotation":[90,0,0],"scale":[1,1,1],"components":{}},"ce33b40d-c34e-4a2e-8238-af2478390120":{"name":"Head2","tags":[],"enabled":true,"resource_id":"ce33b40d-c34e-4a2e-8238-af2478390120","parent":"8dae5435-06d6-4274-a52b-bdb03c88076e","children":["e582346c-c669-4af5-8283-fb9db4b3bee6"],"position":[0,0.410444,2.44911e-9],"rotation":[12.799,0.000013321,0.0000030262],"scale":[1,1,1],"components":{}},"e582346c-c669-4af5-8283-fb9db4b3bee6":{"name":"Head3","tags":[],"enabled":true,"resource_id":"e582346c-c669-4af5-8283-fb9db4b3bee6","parent":"ce33b40d-c34e-4a2e-8238-af2478390120","children":["80c92dcf-39f4-4be4-965f-64579894198d"],"position":[3.55271e-15,0.403475,0],"rotation":[0.0840596,0.000416565,-0.302528],"scale":[1,1,1],"components":{}},"80c92dcf-39f4-4be4-965f-64579894198d":{"name":"Head3_end","tags":[],"enabled":true,"resource_id":"80c92dcf-39f4-4be4-965f-64579894198d","parent":"e582346c-c669-4af5-8283-fb9db4b3bee6","children":[],"position":[0,0.576275,0],"rotation":[0,0,0],"scale":[1,1,1],"components":{}},"1d6544dd-0933-434d-9b37-38b486fbfacf":{"name":"lv1_pet_2","tags":[],"enabled":true,"resource_id":"1d6544dd-0933-434d-9b37-38b486fbfacf","parent":"4f9f0291-b122-41de-a876-a0867f0cbbe2","children":[],"position":[1.25731,1.15694,-4.61159],"rotation":[-90,0,0],"scale":[62.9588,62.9588,62.9588],"components":{"render":{"enabled":true,"type":"asset","asset":141469302,"materialAssets":[130463311],"layers":[0],"batchGroupId":null,"castShadows":true,"castShadowsLightmap":true,"receiveShadows":true,"lightmapped":false,"lightmapSizeMultiplier":1,"castShadowsLightMap":true,"lightMapped":false,"lightMapSizeMultiplier":1,"isStatic":false,"rootBone":"59648fab-40df-4474-811f-6d6535b085a2"}}},"0b25d14c-ee68-43ac-a661-9942051b00bd":{"name":"name","tags":[],"enabled":true,"resource_id":"0b25d14c-ee68-43ac-a661-9942051b00bd","parent":"4f9f0291-b122-41de-a876-a0867f0cbbe2","children":[],"position":[-0.0000057220458984375,244.07391639194452,0],"rotation":[-4.471890957984281e-12,-53.81988365884219,5.524481758314108e-12],"scale":[1,1,1],"components":{"element":{"enabled":true,"type":"text","anchor":[0.5,0.5,0.5,0.5],"pivot":[0.5,0.5],"text":"petname","key":null,"fontAsset":130067484,"fontSize":50,"minFontSize":8,"maxFontSize":32,"autoFitWidth":false,"autoFitHeight":false,"maxLines":null,"lineHeight":46.23,"wrapLines":true,"spacing":1.2,"color":[1,1,1],"opacity":1,"textureAsset":null,"spriteAsset":null,"spriteFrame":0,"pixelsPerUnit":null,"width":242.76,"height":53.3,"margin":[-121.3800057220459,217.42391639194452,-121.3799942779541,-270.7239163919445],"alignment":[0.5,0.5],"outlineColor":[0.16470588235294117,0.13333333333333333,0,1],"outlineThickness":1,"shadowColor":[0,0,0,1],"shadowOffset":[0,0],"rect":[0,0,1,1],"materialAsset":null,"autoWidth":true,"autoHeight":true,"fitMode":"stretch","useInput":false,"batchGroupId":null,"mask":false,"layers":[0],"enableMarkup":false},"script":{"enabled":true,"order":["lookAtcamera"],"scripts":{"lookAtcamera":{"enabled":true,"attributes":{"angle":[180,0,180],"isYLocked":false}}}}}}}}